Reference_Number,Product_ID,Product_Name,Product_Type,Supplier_Name,Category,Unit_Price,Stock_Quantity,Expiration_Date
1001,41-538-3129,Digestive Biscuit (Eimbee),Digestive Biscuit,Eimbee,Bakery,4.00,77,7/31/2026
1002,71-074-6292,Sourdough Bread (Digitube),Sourdough Bread,Digitube,Bakery,4.00,65,10/17/2026
1003,53-805-9523,Sourdough Bread (BlogXS),Sourdough Bread,BlogXS,Bakery,4.50,40,5/14/2026
1004,88-183-5781,Whole Wheat Bread (Avaveo),Whole Wheat Bread,Avaveo,Bakery,3.50,17,12/27/2026
1005,88-977-0175,Chocolate Biscuit (Katz),Chocolate Biscuit,Katz,Bakery,5.00,100,7/19/2026
1006,56-635-6764,Sourdough Bread (Yata),Sourdough Bread,Yata,Bakery,4.50,12,8/5/2026
1007,69-468-5468,Sourdough Bread (Lazz),Sourdough Bread,Lazz,Bakery,4.50,59,11/26/2026
1008,60-632-8752,Chocolate Biscuit (Zoonder),Chocolate Biscuit,Zoonder,Bakery,5.00,96,1/26/2027
1009,20-054-3716,Chocolate Biscuit (Oozz),Chocolate Biscuit,Oozz,Bakery,5.00,11,2/25/2026
1010,54-758-4622,Chocolate Biscuit (Jaxnation),Chocolate Biscuit,Jaxnation,Bakery,5.00,99,11/21/2026
1011,24-310-9184,Rye Bread (Gabcube),Rye Bread,Gabcube,Bakery,3.00,69,4/8/2026
1012,76-476-9996,Chocolate Biscuit (Dabtype),Chocolate Biscuit,Dabtype,Bakery,5.00,37,12/6/2026
1013,85-806-0613,Oatmeal Biscuit (Flashdog),Oatmeal Biscuit,Flashdog,Bakery,5.00,41,4/26/2026
1014,17-274-6898,Whole Wheat Bread (Devshare),Whole Wheat Bread,Devshare,Bakery,3.50,36,3/22/2026
1015,38-049-9319,Oatmeal Biscuit (Cogilith),Oatmeal Biscuit,Cogilith,Bakery,5.00,82,5/9/2026
1016,19-610-2236,Whole Wheat Bread (Roodel),Whole Wheat Bread,Roodel,Bakery,3.50,58,3/19/2026
1017,28-433-8533,Multigrain Bread (Bluezoom),Multigrain Bread,Bluezoom,Bakery,3.20,87,2/2/2027
1018,34-291-4939,Digestive Biscuit (Skimia),Digestive Biscuit,Skimia,Bakery,4.00,34,2/13/2027
1019,82-395-5070,Chocolate Biscuit (Blogpad),Chocolate Biscuit,Blogpad,Bakery,5.00,75,2/20/2027
1020,62-100-2245,Sourdough Bread (Dabjam),Sourdough Bread,Dabjam,Bakery,4.20,22,7/12/2026
1021,73-561-2867,Sourdough Bread (Feedmix),Sourdough Bread,Feedmix,Bakery,4.00,12,9/29/2026
1022,89-673-1543,Digestive Biscuit (Trupe),Digestive Biscuit,Trupe,Bakery,4.00,72,1/3/2027
1023,70-815-4015,Butter Biscuit (Meevee),Butter Biscuit,Meevee,Bakery,6.00,38,8/30/2026
1024,74-943-9034,White Bread (Blogpad),White Bread,Blogpad,Bakery,2.50,30,5/6/2026
1025,58-182-6781,Oatmeal Biscuit (Topicware),Oatmeal Biscuit,Topicware,Bakery,5.00,34,11/15/2026
1026,24-986-5091,Vanilla Biscuit (Plajo),Vanilla Biscuit,Plajo,Bakery,5.50,89,8/14/2026
1027,83-108-1174,White Bread (Skyndu),White Bread,Skyndu,Bakery,2.50,78,12/25/2026
1028,10-555-5971,Sourdough Bread (Yotz),Sourdough Bread,Yotz,Bakery,4.00,94,9/27/2026
1029,65-780-5622,Butter Biscuit (Vinder),Butter Biscuit,Vinder,Bakery,6.00,74,5/27/2026
1030,98-652-9569,Butter Biscuit (Geba),Butter Biscuit,Geba,Bakery,6.00,12,6/23/2026
1031,14-115-8371,Chocolate Biscuit (Dazzlesphere),Chocolate Biscuit,Dazzlesphere,Bakery,5.00,23,9/1/2026
1032,30-832-5429,Multigrain Bread (Kanoodle),Multigrain Bread,Kanoodle,Bakery,3.50,46,9/17/2026
1033,65-235-7676,Whole Wheat Bread (Eimbee),Whole Wheat Bread,Eimbee,Bakery,3.50,91,6/3/2026
1034,10-768-2443,Multigrain Bread (Centimia),Multigrain Bread,Centimia,Bakery,3.25,93,12/19/2026
1035,70-854-6891,Sourdough Bread (Livefish),Sourdough Bread,Livefish,Bakery,4.00,41,11/12/2026
1036,15-796-3130,Rye Bread (Quatz),Rye Bread,Quatz,Bakery,3.00,50,5/29/2026
1037,02-920-4829,White Bread (Rhyloo),White Bread,Rhyloo,Bakery,2.50,92,5/22/2026
1038,01-018-6418,Chocolate Biscuit (Shuffledrive),Chocolate Biscuit,Shuffledrive,Bakery,5.00,68,7/16/2026
1039,94-697-2396,Sourdough Bread (Skyvu),Sourdough Bread,Skyvu,Bakery,4.00,71,7/7/2026
1040,75-094-1179,Rye Bread (Lazz),Rye Bread,Lazz,Bakery,3.00,26,7/18/2026
1041,24-478-8277,Multigrain Bread (Devpulse),Multigrain Bread,Devpulse,Bakery,3.25,47,11/26/2026
1042,85-510-2915,White Bread (Yodo),White Bread,Yodo,Bakery,2.50,62,10/9/2026
1043,53-080-8252,Sourdough Bread (Skipstorm),Sourdough Bread,Skipstorm,Bakery,4.50,30,11/20/2026
1044,93-813-2419,Digestive Biscuit (Camido),Digestive Biscuit,Camido,Bakery,4.00,39,6/22/2026
1045,51-273-4240,Multigrain Bread (Dabtype),Multigrain Bread,Dabtype,Bakery,3.50,85,6/20/2026
1046,74-562-7431,Vanilla Biscuit (Fadeo),Vanilla Biscuit,Fadeo,Bakery,5.50,94,11/1/2026
1047,56-657-4387,White Bread (Rhynyx),White Bread,Rhynyx,Bakery,2.50,61,6/22/2026
1048,91-290-9062,Digestive Biscuit (Skinix),Digestive Biscuit,Skinix,Bakery,4.00,29,9/25/2026
1049,04-038-1547,Rye Bread (Tagopia),Rye Bread,Tagopia,Bakery,2.80,48,6/8/2026
1050,94-525-6925,Rye Bread (Realmix),Rye Bread,Realmix,Bakery,3.00,50,9/17/2026
1051,69-834-2874,Oatmeal Biscuit (Gigaclub),Oatmeal Biscuit,Gigaclub,Bakery,5.00,28,10/7/2026
1052,21-650-9319,White Bread (Katz),White Bread,Katz,Bakery,2.50,42,4/24/2026
1053,28-107-4953,Chocolate Biscuit (Brainverse),Chocolate Biscuit,Brainverse,Bakery,5.00,53,10/18/2026
1054,60-343-7973,Multigrain Bread (Skyba),Multigrain Bread,Skyba,Bakery,3.20,56,4/9/2026
1055,80-698-0324,Butter Biscuit (Brainverse),Butter Biscuit,Brainverse,Bakery,6.00,84,5/25/2026
1056,41-475-5305,Rye Bread (Blogtag),Rye Bread,Blogtag,Bakery,3.00,61,9/12/2026
1057,51-583-6029,Digestive Biscuit (Oba),Digestive Biscuit,Oba,Bakery,4.00,38,2/18/2027
1058,63-270-7076,Multigrain Bread (Oyondu),Multigrain Bread,Oyondu,Bakery,3.50,65,1/24/2027
1059,16-354-8122,Digestive Biscuit (Eayo),Digestive Biscuit,Eayo,Bakery,4.00,97,11/27/2026
1060,26-629-5920,Rye Bread (Avamba),Rye Bread,Avamba,Bakery,3.00,99,12/14/2026
1061,75-029-9003,Sourdough Bread (Mybuzz),Sourdough Bread,Mybuzz,Bakery,4.00,34,4/1/2026
1062,97-710-2449,Rye Bread (Twitterwire),Rye Bread,Twitterwire,Bakery,2.80,28,6/19/2026
1063,96-503-7712,White Bread (Topicstorm),White Bread,Topicstorm,Bakery,2.50,93,1/19/2027
1064,40-205-8252,Multigrain Bread (Katz),Multigrain Bread,Katz,Bakery,3.50,38,7/14/2026
1065,65-759-3721,Butter Biscuit (Vinder),Butter Biscuit,Vinder,Bakery,6.00,33,12/28/2026
1066,29-436-6570,Digestive Biscuit (Wordpedia),Digestive Biscuit,Wordpedia,Bakery,4.00,61,9/17/2026
1067,63-890-1246,Oatmeal Biscuit (Kayveo),Oatmeal Biscuit,Kayveo,Bakery,5.00,93,10/9/2026
1068,29-756-7042,Digestive Biscuit (Meeveo),Digestive Biscuit,Meeveo,Bakery,4.00,90,5/7/2026
1069,61-317-9944,White Bread (Npath),White Bread,Npath,Bakery,2.50,72,10/29/2026
1070,31-211-5803,Oatmeal Biscuit (Riffpedia),Oatmeal Biscuit,Riffpedia,Bakery,5.00,16,2/7/2027
1071,99-420-3592,Butter Biscuit (Lajo),Butter Biscuit,Lajo,Bakery,6.00,22,11/13/2026
1072,82-342-7339,Vanilla Biscuit (Vinte),Vanilla Biscuit,Vinte,Bakery,5.50,80,3/4/2026
1073,47-441-7682,Digestive Biscuit (Gevee),Digestive Biscuit,Gevee,Bakery,4.00,40,11/30/2026
1074,31-627-6025,White Bread (Dabjam),White Bread,Dabjam,Bakery,2.50,56,1/20/2027
1075,40-681-9981,Arabica Coffee (Wordify),Arabica Coffee,Wordify,Beverages,20.00,45,5/8/2026
1076,95-738-4658,Green Coffee (Aibox),Green Coffee,Aibox,Beverages,12.00,90,10/30/2026
1077,55-154-4728,Arabica Coffee (Yakitri),Arabica Coffee,Yakitri,Beverages,20.00,65,3/29/2026
1078,41-735-9837,Robusta Coffee (Mybuzz),Robusta Coffee,Mybuzz,Beverages,10.00,14,9/1/2026
1079,15-045-8444,Green Coffee (Quinu),Green Coffee,Quinu,Beverages,12.00,27,3/27/2026
1080,85-806-8672,Black Tea (Thoughtmix),Black Tea,Thoughtmix,Beverages,4.70,35,11/21/2026
1081,86-482-6451,White Tea (Photofeed),White Tea,Photofeed,Beverages,25.00,91,8/10/2026
1082,05-184-4175,Black Coffee (Centimia),Black Coffee,Centimia,Beverages,15.00,40,5/3/2026
1083,74-305-1263,Green Coffee (Mydo),Green Coffee,Mydo,Beverages,12.00,29,8/16/2026
1084,79-136-9840,Herbal Tea (Edgeify),Herbal Tea,Edgeify,Beverages,30.00,77,6/23/2026
1085,63-956-0739,Robusta Coffee (Quinu),Robusta Coffee,Quinu,Beverages,10.00,68,12/22/2026
1086,47-221-3391,Black Coffee (Katz),Black Coffee,Katz,Beverages,15.00,78,9/12/2026
1087,11-155-7826,Arabica Coffee (Meemm),Arabica Coffee,Meemm,Beverages,20.00,98,12/26/2026
1088,58-122-2282,Black Tea (Dynabox),Black Tea,Dynabox,Beverages,5.00,59,6/12/2026
1089,19-244-9890,Herbal Tea (Wikizz),Herbal Tea,Wikizz,Beverages,30.00,61,11/9/2026
1090,87-097-5691,Robusta Coffee (Youfeed),Robusta Coffee,Youfeed,Beverages,10.00,62,3/26/2026
1091,88-951-9038,Black Coffee (Katz),Black Coffee,Katz,Beverages,15.00,11,2/11/2027
1092,31-969-4614,Arabica Coffee (Oloo),Arabica Coffee,Oloo,Beverages,20.00,62,1/15/2027
1093,20-225-3930,White Tea (Trudoo),White Tea,Trudoo,Beverages,25.00,99,3/17/2026
1094,60-198-7050,Green Tea (Topdrive),Green Tea,Topdrive,Beverages,8.00,26,3/19/2026
1095,67-473-7093,Black Tea (Dabjam),Black Tea,Dabjam,Beverages,5.00,56,4/19/2026
1096,92-455-2959,Robusta Coffee (Trunyx),Robusta Coffee,Trunyx,Beverages,10.30,59,2/25/2026
1097,14-681-7035,White Tea (BlogXS),White Tea,BlogXS,Beverages,25.00,36,5/18/2026
1098,36-918-2937,Green Coffee (Thoughtstorm),Green Coffee,Thoughtstorm,Beverages,12.00,62,11/28/2026
1099,92-152-5820,Black Tea (Youfeed),Black Tea,Youfeed,Beverages,5.30,18,6/24/2026
1100,14-844-4138,Black Coffee (JumpXS),Black Coffee,JumpXS,Beverages,15.00,61,3/3/2026
1101,35-617-3857,Arabica Coffee (Voomm),Arabica Coffee,Voomm,Beverages,20.00,46,3/6/2026
1102,16-187-5729,Black Tea (Chatterbridge),Black Tea,Chatterbridge,Beverages,5.00,45,3/30/2026
1103,78-689-8958,White Tea (Skinte),White Tea,Skinte,Beverages,25.00,20,3/29/2026
1104,35-031-1497,Green Coffee (Yabox),Green Coffee,Yabox,Beverages,12.00,20,11/2/2026
1105,27-881-1177,Green Tea (Yakijo),Green Tea,Yakijo,Beverages,8.00,34,11/23/2026
1106,21-816-1004,Black Coffee (Bubblebox),Black Coffee,Bubblebox,Beverages,15.00,84,7/22/2026
1107,80-374-5711,Herbal Tea (Jatri),Herbal Tea,Jatri,Beverages,31.00,48,12/7/2026
1108,51-000-8113,Green Tea (Kare),Green Tea,Kare,Beverages,8.00,24,11/20/2026
1109,48-427-0551,Arabica Coffee (Midel),Arabica Coffee,Midel,Beverages,20.00,13,11/3/2026
1110,06-706-6490,Green Tea (Brightbean),Green Tea,Brightbean,Beverages,8.00,15,3/15/2026
1111,61-801-8665,Robusta Coffee (Browseblab),Robusta Coffee,Browseblab,Beverages,10.50,42,6/24/2026
1112,57-394-4703,White Tea (Tagcat),White Tea,Tagcat,Beverages,25.00,81,10/16/2026
1113,59-725-4038,Arabica Coffee (Flashspan),Arabica Coffee,Flashspan,Beverages,20.50,78,8/23/2026
1114,40-860-4532,Arabica Coffee (Devcast),Arabica Coffee,Devcast,Beverages,21.00,74,2/5/2027
1115,83-704-6367,Arabica Coffee (Livepath),Arabica Coffee,Livepath,Beverages,21.00,21,9/7/2026
1116,76-954-1442,Arabica Coffee (Brainlounge),Arabica Coffee,Brainlounge,Beverages,20.00,97,3/18/2026
1117,32-987-5559,Green Tea (Gabvine),Green Tea,Gabvine,Beverages,8.00,39,5/15/2026
1118,00-641-8691,Black Coffee (Viva),Black Coffee,Viva,Beverages,15.00,33,8/30/2026
1119,95-262-6208,Black Tea (Realmix),Black Tea,Realmix,Beverages,5.00,19,7/29/2026
1120,96-334-2593,White Tea (Browsetype),White Tea,Browsetype,Beverages,25.30,60,11/19/2026
1121,43-469-7551,Arabica Coffee (Skyndu),Arabica Coffee,Skyndu,Beverages,20.00,45,1/25/2027
1122,65-282-0419,White Tea (Fivebridge),White Tea,Fivebridge,Beverages,25.50,50,12/5/2026
1123,00-534-9775,Black Coffee (Dazzlesphere),Black Coffee,Dazzlesphere,Beverages,14.90,87,8/17/2026
1124,74-610-2295,Green Coffee (Photobean),Green Coffee,Photobean,Beverages,12.50,61,9/26/2026
1125,84-629-1532,Arabica Coffee (Realpoint),Arabica Coffee,Realpoint,Beverages,21.00,22,7/20/2026
1126,26-799-3714,Robusta Coffee (Pixonyx),Robusta Coffee,Pixonyx,Beverages,10.00,74,4/6/2026
1127,86-330-0214,Arabica Coffee (Gevee),Arabica Coffee,Gevee,Beverages,20.00,36,3/30/2026
1128,11-922-3342,Black Coffee (Blogtags),Black Coffee,Blogtags,Beverages,15.50,24,3/4/2026
1129,37-064-7275,Robusta Coffee (Zoombox),Robusta Coffee,Zoombox,Beverages,10.00,20,9/22/2026
1130,16-632-1308,Arabica Coffee (Realmix),Arabica Coffee,Realmix,Beverages,20.00,23,11/21/2026
1131,14-550-2152,Green Tea (Skalith),Green Tea,Skalith,Beverages,7.60,51,11/17/2026
1132,04-001-1793,Green Coffee (Twitterwire),Green Coffee,Twitterwire,Beverages,12.00,43,4/9/2026
1133,24-228-6840,Herbal Tea (Demivee),Herbal Tea,Demivee,Beverages,30.00,27,11/28/2026
1134,24-009-1208,White Tea (Jetwire),White Tea,Jetwire,Beverages,25.00,62,2/6/2027
1135,55-680-0982,Green Tea (Skinte),Green Tea,Skinte,Beverages,8.00,64,8/19/2026
1136,48-414-6162,Arabica Coffee (Devbug),Arabica Coffee,Devbug,Beverages,20.00,55,5/5/2026
1137,57-562-2358,Black Coffee (Kwimbee),Black Coffee,Kwimbee,Beverages,15.00,37,2/4/2027
1138,93-166-3169,White Tea (Voonyx),White Tea,Voonyx,Beverages,25.00,58,1/2/2027
1139,40-810-9261,Green Coffee (Gigashots),Green Coffee,Gigashots,Beverages,12.50,75,5/23/2026
1140,39-192-3521,Herbal Tea (Skinix),Herbal Tea,Skinix,Beverages,30.50,20,3/16/2026
1141,13-409-9040,White Tea (Digitube),White Tea,Digitube,Beverages,25.25,35,1/8/2027
1142,27-442-3654,Herbal Tea (Rhyloo),Herbal Tea,Rhyloo,Beverages,30.00,59,12/3/2026
1143,38-555-9147,Black Coffee (Skalith),Black Coffee,Skalith,Beverages,15.50,62,3/8/2026
1144,80-459-5950,Arabica Coffee (Podcat),Arabica Coffee,Podcat,Beverages,20.00,74,3/20/2026
1145,74-845-3299,Green Tea (Wordware),Green Tea,Wordware,Beverages,8.00,63,4/29/2026
1146,85-237-3505,Green Tea (Zooveo),Green Tea,Zooveo,Beverages,8.00,88,11/3/2026
1147,46-436-5351,Green Tea (Vimbo),Green Tea,Vimbo,Beverages,8.50,80,4/16/2026
1148,78-237-0277,Black Tea (Kwimbee),Black Tea,Kwimbee,Beverages,5.00,46,1/13/2027
1149,28-185-7303,Robusta Coffee (Feedfire),Robusta Coffee,Feedfire,Beverages,10.00,59,10/22/2026
1150,28-146-2641,Parmesan Cheese (Bluejam),Parmesan Cheese,Bluejam,Dairy,12.00,38,4/8/2026
1151,82-380-5378,Cheese (Demimbu),Cheese,Demimbu,Dairy,9.00,78,3/7/2026
1152,23-265-8144,Yogurt (Kamba),Yogurt,Kamba,Dairy,1.70,55,10/25/2026
1153,62-393-9939,Cheddar Cheese (Quire),Cheddar Cheese,Quire,Dairy,9.00,60,10/5/2026
1154,12-998-3882,Egg (Turkey) (Shuffledrive),Egg (Turkey),Shuffledrive,Dairy,2.50,76,5/26/2026
1155,36-127-4273,Ricotta Cheese (Photobean),Ricotta Cheese,Photobean,Dairy,6.20,50,7/31/2026
1156,08-961-3009,Cheese (Thoughtmix),Cheese,Thoughtmix,Dairy,9.20,50,9/8/2026
1157,20-405-4865,Milk (Jatri),Milk,Jatri,Dairy,0.90,13,9/18/2026
1158,14-305-5348,Cheese (Pixonyx),Cheese,Pixonyx,Dairy,9.00,53,3/20/2026
1159,51-459-5630,Sour Cream (Kanoodle),Sour Cream,Kanoodle,Dairy,4.00,11,12/14/2026
1160,46-753-8430,Feta Cheese (Ozu),Feta Cheese,Ozu,Dairy,7.00,98,8/5/2026
1161,97-300-7511,Egg (Duck) (Avamm),Egg (Duck),Avamm,Dairy,1.00,37,3/21/2026
1162,54-374-9986,Cream (Roomm),Cream,Roomm,Dairy,2.50,92,3/21/2026
1163,49-730-0159,Cream (Browsetype),Cream,Browsetype,Dairy,2.40,82,8/26/2026
1164,92-995-8689,Cheddar Cheese (Kwimbee),Cheddar Cheese,Kwimbee,Dairy,9.00,31,3/6/2026
1165,73-567-6194,Whipped Cream (Wikido),Whipped Cream,Wikido,Dairy,4.00,76,9/8/2026
1166,10-218-2680,Egg (Turkey) (Youfeed),Egg (Turkey),Youfeed,Dairy,2.50,39,1/3/2027
1167,66-268-8345,Greek Yogurt (Wikibox),Greek Yogurt,Wikibox,Dairy,3.00,91,1/8/2027
1168,40-793-7235,Sour Cream (Meejo),Sour Cream,Meejo,Dairy,4.00,92,5/19/2026
1169,56-894-3733,Yogurt (Omba),Yogurt,Omba,Dairy,1.75,85,2/2/2027
1170,58-229-1358,Cream (Wordtune),Cream,Wordtune,Dairy,2.35,21,9/28/2026
1171,53-930-2215,Egg (Goose) (Riffwire),Egg (Goose),Riffwire,Dairy,2.50,60,7/9/2026
1172,02-508-3777,Egg (Quail) (Devshare),Egg (Quail),Devshare,Dairy,0.80,97,6/26/2026
1173,41-594-5069,Egg (Duck) (Yodoo),Egg (Duck),Yodoo,Dairy,1.00,77,3/21/2026
1174,83-553-9523,Buttermilk (Talane),Buttermilk,Talane,Dairy,2.45,28,1/28/2027
1175,18-107-7886,Evaporated Milk (Photobug),Evaporated Milk,Photobug,Dairy,2.00,64,2/27/2026
1176,87-272-6544,Egg (Goose) (Dabshots),Egg (Goose),Dabshots,Dairy,2.50,90,2/13/2027
1177,85-440-3667,Gouda Cheese (Katz),Gouda Cheese,Katz,Dairy,7.00,68,9/9/2026
1178,50-329-3145,Milk (Viva),Milk,Viva,Dairy,1.00,12,4/21/2026
1179,60-327-4114,Egg (Turkey) (Devshare),Egg (Turkey),Devshare,Dairy,2.35,63,10/17/2026
1180,46-632-8420,Whipped Cream (Quinu),Whipped Cream,Quinu,Dairy,4.10,98,5/23/2026
1181,82-678-8097,Cottage Cheese (Trunyx),Cottage Cheese,Trunyx,Dairy,4.80,68,4/5/2026
1182,96-209-1739,Evaporated Milk (Topdrive),Evaporated Milk,Topdrive,Dairy,2.00,70,2/29/2026
1183,55-522-8242,Whipped Cream (Mybuzz),Whipped Cream,Mybuzz,Dairy,4.00,29,9/7/2026
1184,07-834-3320,Egg (Quail) (Skippad),Egg (Quail),Skippad,Dairy,0.80,94,9/20/2026
1185,51-761-6320,Egg (Goose) (Jabbersphere),Egg (Goose),Jabbersphere,Dairy,2.50,43,6/22/2026
1186,39-913-2999,Evaporated Milk (Youbridge),Evaporated Milk,Youbridge,Dairy,2.00,23,4/10/2026
1187,18-199-5799,Cheddar Cheese (Photofeed),Cheddar Cheese,Photofeed,Dairy,9.00,40,10/30/2026
1188,25-522-6043,Gouda Cheese (Quatz),Gouda Cheese,Quatz,Dairy,7.00,71,2/3/2027
1189,27-459-0724,Feta Cheese (Feedmix),Feta Cheese,Feedmix,Dairy,7.00,91,2/24/2027
1190,26-134-9069,Whipped Cream (Bubblemix),Whipped Cream,Bubblemix,Dairy,4.00,14,1/30/2027
1191,22-778-3553,Cheddar Cheese (Topicware),Cheddar Cheese,Topicware,Dairy,9.00,36,2/9/2027
1192,59-857-6577,Evaporated Milk (Shuffledrive),Evaporated Milk,Shuffledrive,Dairy,2.00,23,3/4/2026
1193,82-041-7211,Swiss Cheese (Photobug),Swiss Cheese,Photobug,Dairy,8.00,49,7/1/2026
1194,40-913-9772,Egg (Chicken) (Wordtune),Egg (Chicken),Wordtune,Dairy,0.20,36,5/26/2026
1195,24-972-6969,Cheese (Reallinks),Cheese,Reallinks,Dairy,9.20,69,6/13/2026
1196,18-278-2383,Gouda Cheese (Youfeed),Gouda Cheese,Youfeed,Dairy,7.00,97,7/2/2026
1197,03-597-9488,Buttermilk (Wordware),Buttermilk,Wordware,Dairy,2.50,70,3/28/2026
1198,27-757-4489,Egg (Goose) (Oloo),Egg (Goose),Oloo,Dairy,2.50,35,7/4/2026
1199,97-040-3822,Swiss Cheese (Blogpad),Swiss Cheese,Blogpad,Dairy,8.00,50,5/17/2026
1200,76-090-4411,Ricotta Cheese (Meeveo),Ricotta Cheese,Meeveo,Dairy,6.00,49,4/16/2026
1201,92-291-7089,Cheese (InnoZ),Cheese,InnoZ,Dairy,9.50,76,5/6/2026
1202,76-070-1411,Evaporated Milk (Skinix),Evaporated Milk,Skinix,Dairy,1.90,15,2/14/2027
1203,02-034-6209,Sour Cream (Tekfly),Sour Cream,Tekfly,Dairy,4.10,22,10/8/2026
1204,49-891-4927,Cottage Cheese (Voomm),Cottage Cheese,Voomm,Dairy,5.00,37,11/28/2026
1205,19-672-8982,Butter (Miboo),Butter,Miboo,Dairy,3.10,21,3/31/2026
1206,07-389-5740,Egg (Quail) (Mydeo),Egg (Quail),Mydeo,Dairy,0.80,34,7/17/2026
1207,39-629-5554,Egg (Goose) (Riffwire),Egg (Goose),Riffwire,Dairy,2.50,44,2/5/2027
1208,65-464-5070,Heavy Cream (Zoomzone),Heavy Cream,Zoomzone,Dairy,4.00,12,9/1/2026
1209,41-237-5498,Cheese (Tagcat),Cheese,Tagcat,Dairy,9.00,88,2/6/2027
1210,86-672-4191,Egg (Goose) (Jaxworks),Egg (Goose),Jaxworks,Dairy,2.50,88,2/8/2027
1211,12-798-9401,Cream (Feedbug),Cream,Feedbug,Dairy,2.50,18,5/25/2026
1212,72-341-1154,Heavy Cream (Chatterpoint),Heavy Cream,Chatterpoint,Dairy,4.20,85,9/9/2026
1213,81-573-0943,Egg (Chicken) (Skibox),Egg (Chicken),Skibox,Dairy,0.20,22,11/14/2026
1214,66-716-8221,Cheddar Cheese (Brightbean),Cheddar Cheese,Brightbean,Dairy,9.00,70,1/17/2027
1215,12-714-5135,Ricotta Cheese (Skipstorm),Ricotta Cheese,Skipstorm,Dairy,6.00,49,4/25/2026
1216,70-206-4860,Egg (Quail) (Flipopia),Egg (Quail),Flipopia,Dairy,0.80,93,9/17/2026
1217,79-400-6216,Mozzarella Cheese (Skidoo),Mozzarella Cheese,Skidoo,Dairy,7.20,16,10/2/2026
1218,35-836-6718,Ricotta Cheese (Trunyx),Ricotta Cheese,Trunyx,Dairy,6.00,91,1/22/2027
1219,85-835-3445,Egg (Goose) (Youopia),Egg (Goose),Youopia,Dairy,2.45,50,5/12/2026
1220,22-760-4605,Yogurt (Eimbee),Yogurt,Eimbee,Dairy,1.75,86,8/3/2026
1221,02-085-7218,Cheddar Cheese (Chatterbridge),Cheddar Cheese,Chatterbridge,Dairy,8.90,85,1/28/2027
1222,43-193-9915,Mozzarella Cheese (Thoughtbeat),Mozzarella Cheese,Thoughtbeat,Dairy,7.20,55,9/23/2026
1223,62-998-7250,Evaporated Milk (Thoughtbridge),Evaporated Milk,Thoughtbridge,Dairy,2.00,72,10/5/2026
1224,70-871-4536,Swiss Cheese (Babbleopia),Swiss Cheese,Babbleopia,Dairy,8.00,29,6/17/2026
1225,09-286-8107,Greek Yogurt (Meevee),Greek Yogurt,Meevee,Dairy,3.00,90,12/15/2026
1226,34-131-8805,Yogurt (Centimia),Yogurt,Centimia,Dairy,1.75,92,12/22/2026
1227,11-815-7923,Parmesan Cheese (Vidoo),Parmesan Cheese,Vidoo,Dairy,11.80,96,8/6/2026
1228,87-762-1317,Mozzarella Cheese (Meevee),Mozzarella Cheese,Meevee,Dairy,7.00,45,2/9/2027
1229,60-456-8169,Cheddar Cheese (Aibox),Cheddar Cheese,Aibox,Dairy,9.00,21,2/25/2026
1230,27-783-5470,Feta Cheese (Topicblab),Feta Cheese,Topicblab,Dairy,7.00,74,3/16/2026
1231,55-697-5242,Ricotta Cheese (Wikibox),Ricotta Cheese,Wikibox,Dairy,6.00,51,9/24/2026
1232,06-996-3221,Evaporated Milk (Kamba),Evaporated Milk,Kamba,Dairy,2.00,11,6/10/2026
1233,55-631-7937,Greek Yogurt (Abatz),Greek Yogurt,Abatz,Dairy,3.00,26,1/21/2027
1234,98-858-6323,Swiss Cheese (Kimia),Swiss Cheese,Kimia,Dairy,8.00,20,11/16/2026
1235,31-387-5020,Parmesan Cheese (Flipopia),Parmesan Cheese,Flipopia,Dairy,11.90,63,8/14/2026
1236,33-378-1365,Egg (Goose) (Eidel),Egg (Goose),Eidel,Dairy,2.50,50,2/4/2027
1237,98-499-2220,Parmesan Cheese (Jayo),Parmesan Cheese,Jayo,Dairy,12.00,37,11/21/2026
1238,03-441-4252,Yogurt (Youtags),Yogurt,Youtags,Dairy,1.75,12,7/24/2026
1239,97-093-4278,Buttermilk (Kazu),Buttermilk,Kazu,Dairy,2.55,69,6/1/2026
1240,40-997-2786,Yogurt (Quaxo),Yogurt,Quaxo,Dairy,1.75,76,10/14/2026
1241,04-104-6993,Buttermilk (Tagopia),Buttermilk,Tagopia,Dairy,2.45,60,10/15/2026
1242,46-452-9419,Egg (Duck) (Tagtune),Egg (Duck),Tagtune,Dairy,1.00,43,7/8/2026
1243,83-400-9746,Mozzarella Cheese (Devcast),Mozzarella Cheese,Devcast,Dairy,7.00,24,2/29/2026
1244,83-763-5038,Buttermilk (Cogibox),Buttermilk,Cogibox,Dairy,2.40,52,10/23/2026
1245,80-375-9075,Swiss Cheese (Jayo),Swiss Cheese,Jayo,Dairy,8.00,96,6/19/2026
1246,34-861-4446,Ricotta Cheese (Riffwire),Ricotta Cheese,Riffwire,Dairy,6.00,66,1/6/2027
1247,68-436-1268,Egg (Duck) (Yodo),Egg (Duck),Yodo,Dairy,1.00,70,7/11/2026
1248,26-000-1012,Parmesan Cheese (Linktype),Parmesan Cheese,Linktype,Dairy,12.00,65,4/12/2026
1249,83-321-7887,Egg (Duck) (Gevee),Egg (Duck),Gevee,Dairy,1.00,44,8/2/2026
1250,80-371-3695,Cottage Cheese (Quaxo),Cottage Cheese,Quaxo,Dairy,5.00,89,12/10/2026
1251,85-212-2729,Egg (Turkey) (Voolith),Egg (Turkey),Voolith,Dairy,2.50,42,5/16/2026
1252,31-157-1822,Ricotta Cheese (Jaxspan),Ricotta Cheese,Jaxspan,Dairy,6.10,96,1/28/2027
1253,68-418-6724,Parmesan Cheese (Blognation),Parmesan Cheese,Blognation,Dairy,12.00,63,9/30/2026
1254,01-820-5784,Egg (Duck) (Jaxnation),Egg (Duck),Jaxnation,Dairy,1.00,63,4/26/2026
1255,08-495-6853,Heavy Cream (Meetz),Heavy Cream,Meetz,Dairy,4.00,74,8/14/2026
1256,95-449-1286,Egg (Chicken) (Meevee),Egg (Chicken),Meevee,Dairy,0.20,10,9/8/2026
1257,81-578-7404,Gouda Cheese (Layo),Gouda Cheese,Layo,Dairy,7.00,67,4/6/2026
1258,82-711-0772,Egg (Goose) (Eabox),Egg (Goose),Eabox,Dairy,2.40,72,10/23/2026
1259,03-149-9760,Whipped Cream (Photobug),Whipped Cream,Photobug,Dairy,4.00,92,3/26/2026
1260,39-315-3936,Heavy Cream (Reallinks),Heavy Cream,Reallinks,Dairy,4.00,57,8/10/2026
1261,39-449-0772,Feta Cheese (Omba),Feta Cheese,Omba,Dairy,7.00,94,10/5/2026
1262,51-312-8608,Cheddar Cheese (Jabbersphere),Cheddar Cheese,Jabbersphere,Dairy,8.90,68,4/29/2026
1263,57-861-4379,Swiss Cheese (Eayo),Swiss Cheese,Eayo,Dairy,8.00,93,2/4/2027
1264,39-768-8205,Egg (Turkey) (Devcast),Egg (Turkey),Devcast,Dairy,2.50,56,11/29/2026
1265,95-130-9020,Heavy Cream (Fivebridge),Heavy Cream,Fivebridge,Dairy,4.10,82,1/21/2027
1266,06-503-5891,Egg (Goose) (Babbleset),Egg (Goose),Babbleset,Dairy,2.45,40,3/16/2026
1267,13-798-3397,Egg (Turkey) (Quimm),Egg (Turkey),Quimm,Dairy,2.50,86,12/20/2026
1268,96-682-8546,Egg (Chicken) (Lajo),Egg (Chicken),Lajo,Dairy,0.20,70,9/17/2026
1269,43-164-5984,Butter (Ozu),Butter,Ozu,Dairy,2.90,36,11/23/2026
1270,99-961-0767,Heavy Cream (Bubblemix),Heavy Cream,Bubblemix,Dairy,4.00,85,12/6/2026
1271,98-148-0940,Egg (Chicken) (Topicstorm),Egg (Chicken),Topicstorm,Dairy,0.20,63,11/5/2026
1272,74-181-4135,Egg (Chicken) (Babblestorm),Egg (Chicken),Babblestorm,Dairy,0.20,22,9/17/2026
1273,98-064-4465,Mozzarella Cheese (Mybuzz),Mozzarella Cheese,Mybuzz,Dairy,7.00,96,11/11/2026
1274,70-149-6756,Heavy Cream (Voonix),Heavy Cream,Voonix,Dairy,4.20,14,6/26/2026
1275,98-909-9395,Cottage Cheese (Einti),Cottage Cheese,Einti,Dairy,5.00,67,12/7/2026
1276,35-621-2546,Swiss Cheese (Brightdog),Swiss Cheese,Brightdog,Dairy,8.00,85,2/15/2027
1277,61-796-6540,Ricotta Cheese (Voolith),Ricotta Cheese,Voolith,Dairy,6.00,88,8/14/2026
1278,67-512-9754,Egg (Turkey) (Oyondu),Egg (Turkey),Oyondu,Dairy,2.50,19,3/22/2026
1279,00-215-7434,Egg (Goose) (Katz),Egg (Goose),Katz,Dairy,2.50,14,11/28/2026
1280,12-828-1063,Mozzarella Cheese (Skyble),Mozzarella Cheese,Skyble,Dairy,7.10,36,8/5/2026
1281,48-770-6319,Egg (Duck) (Oyoloo),Egg (Duck),Oyoloo,Dairy,1.00,52,2/2/2027
1282,44-305-1866,Butter (Trudeo),Butter,Trudeo,Dairy,3.00,48,8/29/2026
1283,43-693-2092,Butter (Eamia),Butter,Eamia,Dairy,3.00,51,9/22/2026
1284,14-521-4167,Buttermilk (Dazzlesphere),Buttermilk,Dazzlesphere,Dairy,2.50,47,3/6/2026
1285,61-607-7622,Egg (Duck) (Linklinks),Egg (Duck),Linklinks,Dairy,1.00,23,1/15/2027
1286,41-526-4036,Whipped Cream (Tagfeed),Whipped Cream,Tagfeed,Dairy,4.00,55,1/29/2027
1287,49-570-8214,Sour Cream (Yamia),Sour Cream,Yamia,Dairy,4.00,81,12/18/2026
1288,28-956-1320,Greek Yogurt (Gigashots),Greek Yogurt,Gigashots,Dairy,3.00,62,9/5/2026
1289,89-602-6755,Milk (Quinu),Milk,Quinu,Dairy,1.00,74,7/17/2026
1290,49-579-4325,Ricotta Cheese (Skilith),Ricotta Cheese,Skilith,Dairy,6.00,64,5/17/2026
1291,65-674-6076,Egg (Quail) (Realbridge),Egg (Quail),Realbridge,Dairy,0.80,78,12/18/2026
1292,53-680-5293,Cheddar Cheese (Latz),Cheddar Cheese,Latz,Dairy,9.00,88,8/24/2026
1293,34-538-1180,Sour Cream (Twitterbeat),Sour Cream,Twitterbeat,Dairy,4.00,29,4/6/2026
1294,32-261-0008,Heavy Cream (Katz),Heavy Cream,Katz,Dairy,4.00,63,7/18/2026
1295,69-674-5387,Yogurt (Pixope),Yogurt,Pixope,Dairy,1.75,59,2/1/2027
1296,21-890-2826,Gouda Cheese (Omba),Gouda Cheese,Omba,Dairy,7.00,48,9/19/2026
1297,93-218-8108,Heavy Cream (Skimia),Heavy Cream,Skimia,Dairy,4.00,74,11/17/2026
1298,57-613-5779,Gouda Cheese (Wordpedia),Gouda Cheese,Wordpedia,Dairy,7.00,100,8/29/2026
1299,49-919-8798,Evaporated Milk (Voolith),Evaporated Milk,Voolith,Dairy,1.90,64,10/10/2026
1300,70-542-4269,Gouda Cheese (Skidoo),Gouda Cheese,Skidoo,Dairy,7.00,41,4/17/2026
1301,50-772-2613,Cheddar Cheese (Oba),Cheddar Cheese,Oba,Dairy,9.00,86,3/23/2026
1302,33-807-7247,Mozzarella Cheese (Kwinu),Mozzarella Cheese,Kwinu,Dairy,7.00,58,1/3/2027
1303,07-858-5487,Swiss Cheese (Meevee),Swiss Cheese,Meevee,Dairy,8.00,64,12/29/2026
1304,91-553-1774,Feta Cheese (Abatz),Feta Cheese,Abatz,Dairy,7.00,80,4/12/2026
1305,47-581-0363,Parmesan Cheese (Gevee),Parmesan Cheese,Gevee,Dairy,12.00,99,1/20/2027
1306,00-963-2193,Milk (Roombo),Milk,Roombo,Dairy,1.00,43,12/23/2026
1307,76-623-7844,Egg (Quail) (Jaloo),Egg (Quail),Jaloo,Dairy,0.80,29,5/15/2026
1308,45-402-0421,Swiss Cheese (Ozu),Swiss Cheese,Ozu,Dairy,8.00,70,7/14/2026
1309,06-068-6793,Buttermilk (Izio),Buttermilk,Izio,Dairy,2.50,39,8/15/2026
1310,47-866-6589,Egg (Duck) (Feedfire),Egg (Duck),Feedfire,Dairy,1.00,41,7/27/2026
1311,08-213-2058,Sour Cream (Tagopia),Sour Cream,Tagopia,Dairy,4.00,43,8/26/2026
1312,24-364-3341,Egg (Turkey) (Trilia),Egg (Turkey),Trilia,Dairy,2.50,44,9/25/2026
1313,00-842-9790,Egg (Goose) (Topdrive),Egg (Goose),Topdrive,Dairy,2.50,65,12/28/2026
1314,84-327-7787,Egg (Chicken) (Twitterwire),Egg (Chicken),Twitterwire,Dairy,0.20,83,9/6/2026
1315,65-368-2479,Egg (Turkey) (Browsezoom),Egg (Turkey),Browsezoom,Dairy,2.40,23,10/7/2026
1316,17-253-5688,Greek Yogurt (Devpoint),Greek Yogurt,Devpoint,Dairy,3.00,39,6/20/2026
1317,35-257-9312,Parmesan Cheese (Devpoint),Parmesan Cheese,Devpoint,Dairy,12.00,80,4/6/2026
1318,90-773-9557,Butter (Digitube),Butter,Digitube,Dairy,3.00,85,6/12/2026
1319,59-075-2457,Egg (Goose) (Voonder),Egg (Goose),Voonder,Dairy,2.50,97,11/10/2026
1320,27-262-2437,Swiss Cheese (Einti),Swiss Cheese,Einti,Dairy,8.10,80,10/9/2026
1321,98-546-7398,Yogurt (Shufflester),Yogurt,Shufflester,Dairy,1.75,80,4/17/2026
1322,36-177-0573,Egg (Turkey) (Feedspan),Egg (Turkey),Feedspan,Dairy,2.50,92,4/13/2026
1323,42-141-5718,Cheese (Gabspot),Cheese,Gabspot,Dairy,9.00,100,12/26/2026
1324,37-606-0510,Milk (Jaxworks),Milk,Jaxworks,Dairy,1.00,18,11/9/2026
1325,46-931-6897,Cream (Yadel),Cream,Yadel,Dairy,2.50,29,9/15/2026
1326,56-937-8675,Cream (Devbug),Cream,Devbug,Dairy,2.50,62,12/8/2026
1327,66-806-6051,Yogurt (Jaxspan),Yogurt,Jaxspan,Dairy,1.70,63,5/23/2026
1328,95-349-0828,Feta Cheese (Realcube),Feta Cheese,Realcube,Dairy,7.00,97,2/6/2027
1329,67-984-5368,Parmesan Cheese (Mycat),Parmesan Cheese,Mycat,Dairy,12.00,52,7/28/2026
1330,29-017-6255,Bell Pepper (Yodel),Bell Pepper,Yodel,Fruits & Vegetables,4.60,46,1/31/2027
1331,11-581-9869,Carrot (Midel),Carrot,Midel,Fruits & Vegetables,1.50,51,9/26/2026
1332,13-202-4809,Garlic (Thoughtstorm),Garlic,Thoughtstorm,Fruits & Vegetables,7.00,27,5/20/2026
1333,70-145-2550,Lemon (Eire),Lemon,Eire,Fruits & Vegetables,2.40,91,8/6/2026
1334,36-899-5324,Orange (Meembee),Orange,Meembee,Fruits & Vegetables,2.90,94,12/19/2026
1335,47-843-8207,Cauliflower (Skimia),Cauliflower,Skimia,Fruits & Vegetables,2.50,34,12/27/2026
1336,94-071-2261,Pear (Muxo),Pear,Muxo,Fruits & Vegetables,4.50,79,3/30/2026
1337,13-144-2169,Eggplant (Twitterwire),Eggplant,Twitterwire,Fruits & Vegetables,3.00,25,9/7/2026
1338,13-962-6263,Sweet Potato (Flipbug),Sweet Potato,Flipbug,Fruits & Vegetables,2.00,49,11/18/2026
1339,10-002-6494,Mango (Ntags),Mango,Ntags,Fruits & Vegetables,4.80,89,11/11/2026
1340,29-741-8132,Kale (Voolia),Kale,Voolia,Fruits & Vegetables,4.00,47,6/3/2026
1341,03-833-3577,Cucumber (Youspan),Cucumber,Youspan,Fruits & Vegetables,1.80,67,10/16/2026
1342,49-377-9731,Lime (Omba),Lime,Omba,Fruits & Vegetables,2.00,18,4/19/2026
1343,26-690-3784,Lettuce (Einti),Lettuce,Einti,Fruits & Vegetables,2.00,58,4/6/2026
1344,15-905-7750,Apricot (Gigashots),Apricot,Gigashots,Fruits & Vegetables,5.00,42,9/29/2026
1345,88-304-2855,Pineapple (Voonder),Pineapple,Voonder,Fruits & Vegetables,3.50,20,2/12/2027
1346,76-340-4432,Cucumber (Livetube),Cucumber,Livetube,Fruits & Vegetables,1.75,19,3/6/2026
1347,08-940-8578,Onion (Skipfire),Onion,Skipfire,Fruits & Vegetables,2.00,34,11/22/2026
1348,57-437-1828,Plum (Thoughtblab),Plum,Thoughtblab,Fruits & Vegetables,4.00,37,10/5/2026
1349,76-401-7083,Pomegranate (BlogXS),Pomegranate,BlogXS,Fruits & Vegetables,6.00,59,7/31/2026
1350,31-745-6850,Cabbage (Blognation),Cabbage,Blognation,Fruits & Vegetables,0.90,94,11/1/2026
1351,68-636-4774,Carrot (Skidoo),Carrot,Skidoo,Fruits & Vegetables,1.45,18,2/19/2027
1352,48-242-8445,Plum (InnoZ),Plum,InnoZ,Fruits & Vegetables,4.00,40,6/24/2026
1353,33-507-9886,Pineapple (Centidel),Pineapple,Centidel,Fruits & Vegetables,3.50,68,6/27/2026
1354,80-025-6757,Grapes (Twitterbeat),Grapes,Twitterbeat,Fruits & Vegetables,5.50,59,1/1/2027
1355,56-054-8664,Lemon (Brightbean),Lemon,Brightbean,Fruits & Vegetables,2.45,59,3/3/2026
1356,64-478-4745,Lemon (Yodo),Lemon,Yodo,Fruits & Vegetables,2.50,63,11/19/2026
1357,71-436-5841,Cauliflower (Zoombeat),Cauliflower,Zoombeat,Fruits & Vegetables,2.50,87,6/25/2026
1358,07-679-1199,Onion (Talane),Onion,Talane,Fruits & Vegetables,2.00,20,10/15/2026
1359,48-957-8596,Banana (Ooba),Banana,Ooba,Fruits & Vegetables,53.82,95,10/18/2026
1360,20-325-1965,Coconut (Chatterbridge),Coconut,Chatterbridge,Fruits & Vegetables,5.00,56,5/21/2026
1361,13-673-7016,Peach (Flipbug),Peach,Flipbug,Fruits & Vegetables,4.00,47,2/23/2027
1362,11-073-0189,Plum (Yakitri),Plum,Yakitri,Fruits & Vegetables,4.00,95,5/6/2026
1363,83-117-7658,Asparagus (Demimbu),Asparagus,Demimbu,Fruits & Vegetables,5.00,92,12/19/2026
1364,72-989-2512,Mushrooms (Topiclounge),Mushrooms,Topiclounge,Fruits & Vegetables,6.00,24,10/28/2026
1365,65-867-4029,Peach (Eimbee),Peach,Eimbee,Fruits & Vegetables,4.00,40,6/16/2026
1366,83-625-3618,Asparagus (Meeveo),Asparagus,Meeveo,Fruits & Vegetables,5.00,68,7/4/2026
1367,93-198-5984,Mango (Realblab),Mango,Realblab,Fruits & Vegetables,5.00,73,9/17/2026
1368,73-874-7534,Pomegranate (Browsetype),Pomegranate,Browsetype,Fruits & Vegetables,6.00,88,12/18/2026
1369,26-177-5690,Cucumber (Devshare),Cucumber,Devshare,Fruits & Vegetables,1.80,85,1/21/2027
1370,19-214-5762,Pear (LiveZ),Pear,LiveZ,Fruits & Vegetables,4.50,41,10/13/2026
1371,74-642-2435,Cauliflower (Janyx),Cauliflower,Janyx,Fruits & Vegetables,2.50,66,4/8/2026
1372,48-461-3742,Kiwi (Linklinks),Kiwi,Linklinks,Fruits & Vegetables,6.00,37,1/23/2027
1373,78-362-8578,Lemon (Linktype),Lemon,Linktype,Fruits & Vegetables,2.45,72,4/10/2026
1374,99-048-8310,Tomato (Skibox),Tomato,Skibox,Fruits & Vegetables,2.50,32,5/27/2026
1375,82-977-7752,Spinach (Kanoodle),Spinach,Kanoodle,Fruits & Vegetables,2.50,88,11/4/2026
1376,93-682-2069,Lime (Jabbersphere),Lime,Jabbersphere,Fruits & Vegetables,2.00,76,8/16/2026
1377,48-789-9187,Peach (Ntag),Peach,Ntag,Fruits & Vegetables,4.00,45,11/15/2026
1378,60-285-3783,Mushrooms (Meejo),Mushrooms,Meejo,Fruits & Vegetables,6.00,51,1/15/2027
1379,06-731-2162,Lemon (Topicshots),Lemon,Topicshots,Fruits & Vegetables,2.50,87,7/19/2026
1380,91-417-0366,Grapes (DabZ),Grapes,DabZ,Fruits & Vegetables,5.50,25,12/4/2026
1381,24-571-1080,Kale (Quire),Kale,Quire,Fruits & Vegetables,4.00,60,4/11/2026
1382,38-655-2312,Kale (Devpoint),Kale,Devpoint,Fruits & Vegetables,4.00,79,10/18/2026
1383,54-281-3746,Green Beans (Thoughtblab),Green Beans,Thoughtblab,Fruits & Vegetables,2.00,26,11/3/2026
1384,25-349-7974,Spinach (Meevee),Spinach,Meevee,Fruits & Vegetables,2.50,72,6/22/2026
1385,16-380-0753,Apricot (Vitz),Apricot,Vitz,Fruits & Vegetables,5.00,38,5/8/2026
1386,14-836-2894,Apple (Gigashots),Apple,Gigashots,Fruits & Vegetables,3.50,44,9/25/2026
1387,08-196-2703,Peas (Katz),Peas,Katz,Fruits & Vegetables,3.00,100,10/17/2026
1388,04-453-5485,Tomato (Quamba),Tomato,Quamba,Fruits & Vegetables,2.50,84,4/2/2026
1389,43-703-9939,Pineapple (Centizu),Pineapple,Centizu,Fruits & Vegetables,3.50,55,2/17/2027
1390,02-888-9412,Cauliflower (Bubblemix),Cauliflower,Bubblemix,Fruits & Vegetables,2.48,95,2/4/2027
1391,80-658-6456,Mango (Realpoint),Mango,Realpoint,Fruits & Vegetables,5.00,84,12/10/2026
1392,63-874-9747,Orange (Tazz),Orange,Tazz,Fruits & Vegetables,3.00,36,11/11/2026
1393,44-546-5713,Peach (Bubblebox),Peach,Bubblebox,Fruits & Vegetables,4.00,94,2/13/2027
1394,69-561-2496,Banana (Feedfish),Banana,Feedfish,Fruits & Vegetables,15.31,82,12/9/2026
1395,44-552-3909,Pear (Kimia),Pear,Kimia,Fruits & Vegetables,4.50,61,1/19/2027
1396,40-902-1995,Asparagus (Buzzbean),Asparagus,Buzzbean,Fruits & Vegetables,4.80,46,4/1/2026
1397,17-504-3699,Sweet Potato (Gigabox),Sweet Potato,Gigabox,Fruits & Vegetables,2.00,80,8/17/2026
1398,17-022-9721,Apple (Yabox),Apple,Yabox,Fruits & Vegetables,3.50,43,1/12/2027
1399,53-151-5726,Grapes (Linklinks),Grapes,Linklinks,Fruits & Vegetables,5.50,37,4/20/2026
1400,67-025-1245,Cabbage (Tagpad),Cabbage,Tagpad,Fruits & Vegetables,1.00,88,8/12/2026
1401,63-936-0145,Plum (Oyonder),Plum,Oyonder,Fruits & Vegetables,4.00,22,12/3/2026
1402,27-495-1912,Potato (Roodel),Potato,Roodel,Fruits & Vegetables,1.20,26,5/24/2026
1403,21-013-3508,Cabbage (Photobug),Cabbage,Photobug,Fruits & Vegetables,1.00,12,11/10/2026
1404,09-712-3630,Grapes (Cogilith),Grapes,Cogilith,Fruits & Vegetables,5.50,87,9/30/2026
1405,25-010-9478,Eggplant (Innojam),Eggplant,Innojam,Fruits & Vegetables,3.00,74,7/31/2026
1406,08-519-5579,Broccoli (Rhyzio),Broccoli,Rhyzio,Fruits & Vegetables,4.00,35,8/16/2026
1407,00-366-9496,Grapes (Blogtag),Grapes,Blogtag,Fruits & Vegetables,5.50,30,12/28/2026
1408,28-840-6096,Pomegranate (Skyndu),Pomegranate,Skyndu,Fruits & Vegetables,6.00,19,9/12/2026
1409,07-970-9352,Bell Pepper (Zava),Bell Pepper,Zava,Fruits & Vegetables,4.45,96,7/12/2026
1410,24-975-4231,Green Beans (Snaptags),Green Beans,Snaptags,Fruits & Vegetables,2.10,31,8/17/2026
1411,02-559-8196,Mango (Fiveclub),Mango,Fiveclub,Fruits & Vegetables,5.20,61,7/25/2026
1412,13-900-9016,Bell Pepper (Eimbee),Bell Pepper,Eimbee,Fruits & Vegetables,4.50,89,9/19/2026
1413,15-144-9413,Strawberries (Dabfeed),Strawberries,Dabfeed,Fruits & Vegetables,5.90,58,7/29/2026
1414,65-527-9488,Grapes (Ooba),Grapes,Ooba,Fruits & Vegetables,5.50,38,10/10/2026
1415,74-818-3306,Spinach (Vinder),Spinach,Vinder,Fruits & Vegetables,2.45,45,5/9/2026
1416,17-002-4721,Green Beans (Meembee),Green Beans,Meembee,Fruits & Vegetables,2.00,31,10/29/2026
1417,74-404-0582,Cherry (Jaxspan),Cherry,Jaxspan,Fruits & Vegetables,8.00,57,6/11/2026
1418,45-194-4094,Plum (Skalith),Plum,Skalith,Fruits & Vegetables,3.90,64,10/10/2026
1419,92-362-3567,Tomato (Pixonyx),Tomato,Pixonyx,Fruits & Vegetables,2.50,11,12/25/2026
1420,92-652-3737,Zucchini (Youbridge),Zucchini,Youbridge,Fruits & Vegetables,2.50,89,10/1/2026
1421,22-621-2774,Strawberries (Realpoint),Strawberries,Realpoint,Fruits & Vegetables,6.00,54,6/14/2026
1422,15-240-6267,Eggplant (Shufflester),Eggplant,Shufflester,Fruits & Vegetables,3.00,91,4/26/2026
1423,75-152-8731,Pear (Rhyloo),Pear,Rhyloo,Fruits & Vegetables,4.45,82,8/8/2026
1424,91-127-7489,Orange (Geba),Orange,Geba,Fruits & Vegetables,2.95,44,8/4/2026
1425,91-848-0606,Onion (Bubblemix),Onion,Bubblemix,Fruits & Vegetables,2.00,39,10/28/2026
1426,11-745-3025,Peach (Flashspan),Peach,Flashspan,Fruits & Vegetables,4.00,15,9/3/2026
1427,29-823-6004,Zucchini (Dazzlesphere),Zucchini,Dazzlesphere,Fruits & Vegetables,2.50,52,3/10/2026
1428,21-718-6746,Coconut (Browsecat),Coconut,Browsecat,Fruits & Vegetables,5.00,16,6/6/2026
1429,71-300-2191,Broccoli (Oyoba),Broccoli,Oyoba,Fruits & Vegetables,4.00,79,5/1/2026
1430,93-966-7754,Pineapple (Livetube),Pineapple,Livetube,Fruits & Vegetables,3.50,65,9/27/2026
1431,34-075-0371,Watermelon (Yotz),Watermelon,Yotz,Fruits & Vegetables,3.00,75,12/3/2026
1432,25-911-7736,Orange (Photobug),Orange,Photobug,Fruits & Vegetables,3.00,75,8/29/2026
1433,37-666-3902,Cauliflower (Omba),Cauliflower,Omba,Fruits & Vegetables,2.45,19,6/12/2026
1434,22-849-2551,Mushrooms (Bluezoom),Mushrooms,Bluezoom,Fruits & Vegetables,6.20,34,9/8/2026
1435,82-948-2298,Kiwi (Thoughtstorm),Kiwi,Thoughtstorm,Fruits & Vegetables,5.70,38,11/21/2026
1436,60-747-8704,Papaya (Shufflebeat),Papaya,Shufflebeat,Fruits & Vegetables,4.50,97,8/22/2026
1437,98-235-2711,Asparagus (LiveZ),Asparagus,LiveZ,Fruits & Vegetables,5.00,22,1/26/2027
1438,28-505-8317,Watermelon (Buzzshare),Watermelon,Buzzshare,Fruits & Vegetables,3.00,23,1/28/2027
1439,31-803-5001,Asparagus (Rhybox),Asparagus,Rhybox,Fruits & Vegetables,4.70,78,6/1/2026
1440,17-236-0566,Sweet Potato (Kwilith),Sweet Potato,Kwilith,Fruits & Vegetables,2.00,95,8/4/2026
1441,43-910-2342,Plum (Vidoo),Plum,Vidoo,Fruits & Vegetables,4.00,26,7/19/2026
1442,05-425-0746,Onion (Aivee),Onion,Aivee,Fruits & Vegetables,2.00,50,6/5/2026
1443,27-635-8394,Orange (Vitz),Orange,Vitz,Fruits & Vegetables,2.90,88,3/19/2026
1444,46-911-1159,Onion (Avamba),Onion,Avamba,Fruits & Vegetables,2.00,98,12/19/2026
1445,73-997-6251,Bell Pepper (Centimia),Bell Pepper,Centimia,Fruits & Vegetables,4.50,94,9/17/2026
1446,53-446-8243,Orange (Plajo),Orange,Plajo,Fruits & Vegetables,3.00,41,4/23/2026
1447,93-014-4256,Green Beans (Fliptune),Green Beans,Fliptune,Fruits & Vegetables,2.00,19,10/13/2026
1448,67-027-7269,Mushrooms (Jetpulse),Mushrooms,Jetpulse,Fruits & Vegetables,6.50,35,11/9/2026
1449,25-353-2067,Papaya (Tanoodle),Papaya,Tanoodle,Fruits & Vegetables,4.30,81,7/25/2026
1450,49-311-3063,Kiwi (Babblestorm),Kiwi,Babblestorm,Fruits & Vegetables,6.00,47,7/3/2026
1451,66-378-7532,Blueberries (Jaxspan),Blueberries,Jaxspan,Fruits & Vegetables,10.00,87,5/6/2026
1452,76-540-6407,Orange (Kayveo),Orange,Kayveo,Fruits & Vegetables,3.10,92,12/13/2026
1453,68-734-1585,Greek Yogurt (Zooxo),Greek Yogurt,Zooxo,Fruits & Vegetables,51.17,62,7/13/2026
1454,42-175-1648,Pomegranate (Skyble),Pomegranate,Skyble,Fruits & Vegetables,6.00,81,9/9/2026
1455,63-897-8088,Zucchini (Demivee),Zucchini,Demivee,Fruits & Vegetables,2.50,63,10/16/2026
1456,79-494-2472,Green Beans (Zazio),Green Beans,Zazio,Fruits & Vegetables,2.00,42,4/23/2026
1457,15-679-3935,Grapes (Flashset),Grapes,Flashset,Fruits & Vegetables,5.50,22,2/20/2027
1458,31-608-1445,Papaya (Izio),Papaya,Izio,Fruits & Vegetables,4.40,84,12/14/2026
1459,01-173-0029,Blueberries (Zoombox),Blueberries,Zoombox,Fruits & Vegetables,10.00,42,4/12/2026
1460,08-573-9997,Pomegranate (Devpulse),Pomegranate,Devpulse,Fruits & Vegetables,6.00,26,12/2/2026
1461,66-854-5736,Kiwi (Oyondu),Kiwi,Oyondu,Fruits & Vegetables,5.80,63,5/10/2026
1462,19-112-1616,Lettuce (Skipfire),Lettuce,Skipfire,Fruits & Vegetables,2.00,88,6/28/2026
1463,89-388-3239,Grapes (Janyx),Grapes,Janyx,Fruits & Vegetables,5.50,54,4/19/2026
1464,38-664-2155,Cauliflower (Twitterwire),Cauliflower,Twitterwire,Fruits & Vegetables,2.55,48,5/30/2026
1465,20-448-2972,Asparagus (Twitterbridge),Asparagus,Twitterbridge,Fruits & Vegetables,5.00,80,9/16/2026
1466,77-959-1018,Lettuce (Katz),Lettuce,Katz,Fruits & Vegetables,2.00,22,6/12/2026
1467,69-895-3397,Cucumber (Buzzbean),Cucumber,Buzzbean,Fruits & Vegetables,1.80,28,3/4/2026
1468,32-933-0329,Blueberries (Tagchat),Blueberries,Tagchat,Fruits & Vegetables,10.00,23,4/15/2026
1469,33-440-2588,Bell Pepper (Ntag),Bell Pepper,Ntag,Fruits & Vegetables,4.40,26,2/24/2027
1470,38-822-8005,Cucumber (Blogspan),Cucumber,Blogspan,Fruits & Vegetables,1.75,47,3/31/2026
1471,38-390-2115,Potato (Katz),Potato,Katz,Fruits & Vegetables,1.20,42,3/1/2026
1472,28-968-4195,Eggplant (Kazio),Eggplant,Kazio,Fruits & Vegetables,3.00,97,10/13/2026
1473,00-405-7428,Apple (Bluezoom),Apple,Bluezoom,Fruits & Vegetables,3.50,81,1/12/2027
1474,52-481-5224,Kiwi (Shufflester),Kiwi,Shufflester,Fruits & Vegetables,6.00,45,2/15/2027
1475,51-462-0747,Lime (Jabberstorm),Lime,Jabberstorm,Fruits & Vegetables,2.00,21,3/10/2026
1476,44-637-5512,Watermelon (Tanoodle),Watermelon,Tanoodle,Fruits & Vegetables,3.00,58,5/26/2026
1477,63-168-6018,Cucumber (Skidoo),Cucumber,Skidoo,Fruits & Vegetables,1.80,60,5/1/2026
1478,99-543-5039,Lemon (Livetube),Lemon,Livetube,Fruits & Vegetables,2.50,65,7/29/2026
1479,46-415-8633,Apple (Agivu),Apple,Agivu,Fruits & Vegetables,3.50,71,1/2/2027
1480,15-082-9124,Apricot (Avaveo),Apricot,Avaveo,Fruits & Vegetables,5.00,89,5/7/2026
1481,82-931-7126,Asparagus (Gigaclub),Asparagus,Gigaclub,Fruits & Vegetables,5.00,34,5/12/2026
1482,11-338-4598,Potato (Jaxspan),Potato,Jaxspan,Fruits & Vegetables,1.20,72,2/23/2027
1483,52-402-9245,Broccoli (Wordpedia),Broccoli,Wordpedia,Fruits & Vegetables,4.00,89,9/19/2026
1484,89-624-7462,Asparagus (Yata),Asparagus,Yata,Fruits & Vegetables,5.00,18,11/24/2026
1485,98-575-4736,Cucumber (Topicblab),Cucumber,Topicblab,Fruits & Vegetables,1.80,76,9/17/2026
1486,30-996-2526,Green Beans (Devpoint),Green Beans,Devpoint,Fruits & Vegetables,2.10,86,9/7/2026
1487,45-380-4627,Cabbage (Gigaclub),Cabbage,Gigaclub,Fruits & Vegetables,0.90,90,2/16/2027
1488,47-548-6500,Onion (Abata),Onion,Abata,Fruits & Vegetables,2.00,20,12/25/2026
1489,38-296-6634,Peas (Quaxo),Peas,Quaxo,Fruits & Vegetables,3.00,49,12/10/2026
1490,40-021-2400,Zucchini (Skynoodle),Zucchini,Skynoodle,Fruits & Vegetables,2.50,29,5/11/2026
1491,38-617-7226,Mushrooms (Demivee),Mushrooms,Demivee,Fruits & Vegetables,6.30,65,7/13/2026
1492,74-587-2065,Pear (Shuffledrive),Pear,Shuffledrive,Fruits & Vegetables,4.50,29,3/2/2026
1493,69-287-9113,Zucchini (Twitterlist),Zucchini,Twitterlist,Fruits & Vegetables,2.50,59,12/16/2026
1494,29-344-3658,Lime (Camido),Lime,Camido,Fruits & Vegetables,1.90,75,9/19/2026
1495,34-709-9237,Carrot (Voomm),Carrot,Voomm,Fruits & Vegetables,1.50,61,4/24/2026
1496,05-498-7751,Cauliflower (Dynabox),Cauliflower,Dynabox,Fruits & Vegetables,2.50,52,3/24/2026
1497,32-270-1385,Greek Yogurt (Skibox),Greek Yogurt,Skibox,Fruits & Vegetables,42.58,28,8/8/2026
1498,37-709-3532,Mushrooms (Skyndu),Mushrooms,Skyndu,Fruits & Vegetables,6.00,79,5/11/2026
1499,40-630-1431,Cherry (Meedoo),Cherry,Meedoo,Fruits & Vegetables,8.00,29,11/7/2026
1500,73-751-4393,Onion (Chatterbridge),Onion,Chatterbridge,Fruits & Vegetables,2.00,68,3/23/2026
1501,50-942-2409,Peas (Zoozzy),Peas,Zoozzy,Fruits & Vegetables,3.00,75,12/10/2026
1502,11-766-8738,Watermelon (Browsecat),Watermelon,Browsecat,Fruits & Vegetables,3.00,27,3/22/2026
1503,60-771-0879,Blueberries (Jabbersphere),Blueberries,Jabbersphere,Fruits & Vegetables,10.00,89,5/3/2026
1504,27-269-5260,Pineapple (Yadel),Pineapple,Yadel,Fruits & Vegetables,3.50,14,10/22/2026
1505,20-031-0532,Mango (Mynte),Mango,Mynte,Fruits & Vegetables,4.90,32,11/9/2026
1506,90-492-0564,Pomegranate (Photobug),Pomegranate,Photobug,Fruits & Vegetables,6.00,92,7/20/2026
1507,17-395-1121,Plum (Trilia),Plum,Trilia,Fruits & Vegetables,3.85,85,12/3/2026
1508,19-854-3663,Watermelon (Fiveclub),Watermelon,Fiveclub,Fruits & Vegetables,3.00,13,12/14/2026
1509,44-408-7594,Eggplant (Feedmix),Eggplant,Feedmix,Fruits & Vegetables,3.00,39,1/8/2027
1510,04-637-8815,Apricot (Kayveo),Apricot,Kayveo,Fruits & Vegetables,5.00,90,11/24/2026
1511,88-746-9468,Onion (Rhyloo),Onion,Rhyloo,Fruits & Vegetables,2.00,35,11/14/2026
1512,45-172-7012,Papaya (Oyoloo),Papaya,Oyoloo,Fruits & Vegetables,4.50,20,12/1/2026
1513,93-015-0811,Pineapple (Skidoo),Pineapple,Skidoo,Fruits & Vegetables,3.50,18,6/26/2026
1514,28-044-4102,Papaya (Wordify),Papaya,Wordify,Fruits & Vegetables,4.50,19,8/27/2026
1515,80-334-0215,Grapes (Shuffledrive),Grapes,Shuffledrive,Fruits & Vegetables,5.50,88,6/22/2026
1516,76-027-4850,Onion (Lajo),Onion,Lajo,Fruits & Vegetables,2.00,39,6/24/2026
1517,15-907-3681,Plum (Eidel),Plum,Eidel,Fruits & Vegetables,3.85,20,2/20/2027
1518,15-762-1058,Lime (Dabjam),Lime,Dabjam,Fruits & Vegetables,2.00,29,1/4/2027
1519,11-032-9778,Peas (Rhybox),Peas,Rhybox,Fruits & Vegetables,3.00,99,8/19/2026
1520,12-239-9399,Potato (Mynte),Potato,Mynte,Fruits & Vegetables,1.20,28,10/27/2026
1521,49-199-6836,Tomato (Jatri),Tomato,Jatri,Fruits & Vegetables,2.50,100,8/24/2026
1522,08-637-9335,Lettuce (Centidel),Lettuce,Centidel,Fruits & Vegetables,2.00,100,7/25/2026
1523,34-928-2775,Coconut (Centizu),Coconut,Centizu,Fruits & Vegetables,5.00,19,1/28/2027
1524,49-526-7806,Kale (Quinu),Kale,Quinu,Fruits & Vegetables,4.00,77,5/1/2026
1525,52-123-8039,Pomegranate (Feednation),Pomegranate,Feednation,Fruits & Vegetables,6.00,43,1/16/2027
1526,26-161-6692,Zucchini (Eire),Zucchini,Eire,Fruits & Vegetables,2.50,61,9/19/2026
1527,37-248-6266,Pear (Zoonder),Pear,Zoonder,Fruits & Vegetables,4.50,84,5/24/2026
1528,43-851-9440,Lime (Skiba),Lime,Skiba,Fruits & Vegetables,1.90,14,3/4/2026
1529,11-053-0107,Cherry (Zoovu),Cherry,Zoovu,Fruits & Vegetables,8.00,30,6/28/2026
1530,28-608-0039,Lemon (Quatz),Lemon,Quatz,Fruits & Vegetables,2.50,63,4/15/2026
1531,02-974-8526,Onion (Yoveo),Onion,Yoveo,Fruits & Vegetables,2.00,74,8/7/2026
1532,95-252-9619,Carrot (Realcube),Carrot,Realcube,Fruits & Vegetables,1.60,92,11/9/2026
1533,17-265-1899,Orange (Vimbo),Orange,Vimbo,Fruits & Vegetables,3.00,81,2/10/2027
1534,20-283-0111,Pear (Brightbean),Pear,Brightbean,Fruits & Vegetables,4.45,58,1/6/2027
1535,07-337-9889,Cauliflower (Gigashots),Cauliflower,Gigashots,Fruits & Vegetables,2.50,95,9/29/2026
1536,90-303-1821,Onion (Brightdog),Onion,Brightdog,Fruits & Vegetables,2.00,50,10/5/2026
1537,40-126-0515,Carrot (Yakijo),Carrot,Yakijo,Fruits & Vegetables,1.50,74,12/18/2026
1538,13-888-0149,Lime (Photobug),Lime,Photobug,Fruits & Vegetables,2.00,75,3/15/2026
1539,70-534-7796,Zucchini (Camimbo),Zucchini,Camimbo,Fruits & Vegetables,2.50,43,1/17/2027
1540,72-066-4597,Broccoli (Zoomlounge),Broccoli,Zoomlounge,Fruits & Vegetables,4.00,31,12/13/2026
1541,79-884-8810,Cucumber (Tavu),Cucumber,Tavu,Fruits & Vegetables,1.75,12,8/15/2026
1542,08-703-1382,Peach (Brainsphere),Peach,Brainsphere,Fruits & Vegetables,4.00,40,6/21/2026
1543,63-918-8253,Mango (Brainverse),Mango,Brainverse,Fruits & Vegetables,5.00,53,9/29/2026
1544,77-312-6317,Spinach (Tazz),Spinach,Tazz,Fruits & Vegetables,2.40,41,10/1/2026
1545,74-430-8245,Peach (Zazio),Peach,Zazio,Fruits & Vegetables,4.00,73,3/6/2026
1546,89-543-3456,Blueberries (Aivee),Blueberries,Aivee,Fruits & Vegetables,10.00,66,2/6/2027
1547,02-575-1980,Plum (Quatz),Plum,Quatz,Fruits & Vegetables,4.00,11,11/24/2026
1548,85-207-4164,Eggplant (Vitz),Eggplant,Vitz,Fruits & Vegetables,3.00,97,12/10/2026
1549,57-903-6434,Tomato (Edgepulse),Tomato,Edgepulse,Fruits & Vegetables,2.50,44,3/23/2026
1550,80-227-6886,Garlic (Bubblebox),Garlic,Bubblebox,Fruits & Vegetables,7.00,33,6/14/2026
1551,22-329-7791,Watermelon (Tagtune),Watermelon,Tagtune,Fruits & Vegetables,3.00,53,9/19/2026
1552,70-612-2531,Pineapple (Yombu),Pineapple,Yombu,Fruits & Vegetables,3.45,48,10/30/2026
1553,71-999-2404,Mango (Divape),Mango,Divape,Fruits & Vegetables,4.70,58,1/29/2027
1554,29-875-6900,Papaya (Thoughtbeat),Papaya,Thoughtbeat,Fruits & Vegetables,4.50,45,8/22/2026
1555,91-105-7317,Orange (Mybuzz),Orange,Mybuzz,Fruits & Vegetables,3.00,85,2/2/2027
1556,37-246-0018,Broccoli (Meemm),Broccoli,Meemm,Fruits & Vegetables,4.00,30,4/11/2026
1557,27-474-0056,Spinach (Browsecat),Spinach,Browsecat,Fruits & Vegetables,2.50,23,6/19/2026
1558,12-439-8428,Eggplant (Fivebridge),Eggplant,Fivebridge,Fruits & Vegetables,3.00,17,5/31/2026
1559,21-993-5632,Watermelon (Browseblab),Watermelon,Browseblab,Fruits & Vegetables,3.00,51,10/23/2026
1560,05-720-8792,Carrot (Buzzshare),Carrot,Buzzshare,Fruits & Vegetables,1.50,80,10/26/2026
1561,61-680-9496,Apple (Thoughtstorm),Apple,Thoughtstorm,Fruits & Vegetables,3.50,17,4/14/2026
1562,87-199-2743,Papaya (Yodoo),Papaya,Yodoo,Fruits & Vegetables,4.50,59,11/12/2026
1563,83-917-7384,Garlic (Kwideo),Garlic,Kwideo,Fruits & Vegetables,7.00,76,5/11/2026
1564,61-582-7399,Apricot (Geba),Apricot,Geba,Fruits & Vegetables,5.00,73,7/22/2026
1565,88-586-8797,Grapes (Voolia),Grapes,Voolia,Fruits & Vegetables,5.50,98,2/9/2027
1566,93-772-3085,Banana (Feedspan),Banana,Feedspan,Fruits & Vegetables,13.99,39,1/20/2027
1567,10-137-9759,Watermelon (Dynabox),Watermelon,Dynabox,Fruits & Vegetables,3.00,90,3/10/2026
1568,07-074-1196,Plum (Browsebug),Plum,Browsebug,Fruits & Vegetables,3.90,11,10/10/2026
1569,05-193-8096,Grapes (Youspan),Grapes,Youspan,Fruits & Vegetables,5.50,82,7/8/2026
1570,76-264-0748,Eggplant (Kare),Eggplant,Kare,Fruits & Vegetables,3.00,47,1/9/2027
1571,67-130-4114,Bell Pepper (Devbug),Bell Pepper,Devbug,Fruits & Vegetables,4.50,84,1/24/2027
1572,15-846-7959,Zucchini (Skipfire),Zucchini,Skipfire,Fruits & Vegetables,2.50,98,3/20/2026
1573,80-988-4653,Zucchini (Rooxo),Zucchini,Rooxo,Fruits & Vegetables,2.50,43,4/19/2026
1574,11-316-8405,Mango (Meedoo),Mango,Meedoo,Fruits & Vegetables,5.00,24,11/25/2026
1575,08-226-5155,Bell Pepper (Devshare),Bell Pepper,Devshare,Fruits & Vegetables,4.50,49,4/27/2026
1576,46-496-2930,Pomegranate (Youspan),Pomegranate,Youspan,Fruits & Vegetables,6.00,66,8/14/2026
1577,98-556-5323,Pomegranate (Camido),Pomegranate,Camido,Fruits & Vegetables,6.00,60,8/27/2026
1578,85-561-4694,Kiwi (Rooxo),Kiwi,Rooxo,Fruits & Vegetables,6.00,28,5/11/2026
1579,79-428-8753,Cabbage (Avavee),Cabbage,Avavee,Fruits & Vegetables,1.00,62,12/30/2026
1580,34-369-7712,Apricot (Rhycero),Apricot,Rhycero,Fruits & Vegetables,5.00,55,6/6/2026
1581,38-924-3007,Peas (Tagcat),Peas,Tagcat,Fruits & Vegetables,3.00,12,4/17/2026
1582,70-005-5970,Apple (Eimbee),Apple,Eimbee,Fruits & Vegetables,3.50,84,12/24/2026
1583,19-021-5024,Broccoli (Jetpulse),Broccoli,Jetpulse,Fruits & Vegetables,4.00,47,5/7/2026
1584,19-047-4239,Peach (Mudo),Peach,Mudo,Fruits & Vegetables,4.00,47,4/30/2026
1585,29-092-3453,Spinach (Skynoodle),Spinach,Skynoodle,Fruits & Vegetables,2.52,61,6/17/2026
1586,84-272-0790,Blueberries (Rhycero),Blueberries,Rhycero,Fruits & Vegetables,10.00,28,7/29/2026
1587,63-162-9244,Eggplant (Yadel),Eggplant,Yadel,Fruits & Vegetables,3.00,49,5/17/2026
1588,56-213-0577,Papaya (Jabberstorm),Papaya,Jabberstorm,Fruits & Vegetables,4.50,24,9/17/2026
1589,24-989-3302,Coconut (Feedbug),Coconut,Feedbug,Fruits & Vegetables,5.00,85,7/30/2026
1590,79-920-2395,Mushrooms (Realfire),Mushrooms,Realfire,Fruits & Vegetables,6.25,81,7/16/2026
1591,58-005-5343,Cucumber (Tagpad),Cucumber,Tagpad,Fruits & Vegetables,1.80,38,8/21/2026
1592,48-957-6116,Eggplant (Yambee),Eggplant,Yambee,Fruits & Vegetables,3.00,31,8/5/2026
1593,34-110-1040,Bell Pepper (Lajo),Bell Pepper,Lajo,Fruits & Vegetables,4.50,75,6/24/2026
1594,74-132-5528,Cauliflower (Demimbu),Cauliflower,Demimbu,Fruits & Vegetables,2.50,63,1/22/2027
1595,15-797-4824,Coconut (Voolia),Coconut,Voolia,Fruits & Vegetables,5.00,32,1/14/2027
1596,94-092-3355,Cauliflower (Cogidoo),Cauliflower,Cogidoo,Fruits & Vegetables,2.50,57,8/4/2026
1597,99-194-5600,Cauliflower (Twimm),Cauliflower,Twimm,Fruits & Vegetables,2.50,57,5/14/2026
1598,04-293-6969,Peach (Twitterwire),Peach,Twitterwire,Fruits & Vegetables,4.00,37,8/20/2026
1599,84-546-7624,Cherry (Rhyloo),Cherry,Rhyloo,Fruits & Vegetables,8.00,43,6/1/2026
1600,43-670-8544,Orange (Edgewire),Orange,Edgewire,Fruits & Vegetables,2.85,84,10/7/2026
1601,15-884-7413,Apple (Latz),Apple,Latz,Fruits & Vegetables,3.50,77,4/16/2026
1602,79-741-0770,Mushrooms (Topicstorm),Mushrooms,Topicstorm,Fruits & Vegetables,6.00,72,3/17/2026
1603,34-086-3222,Lemon (Buzzdog),Lemon,Buzzdog,Fruits & Vegetables,2.30,12,6/5/2026
1604,74-548-9313,Mango (Gigashots),Mango,Gigashots,Fruits & Vegetables,5.00,99,2/12/2027
1605,64-119-7804,Bell Pepper (Skynoodle),Bell Pepper,Skynoodle,Fruits & Vegetables,4.50,98,12/29/2026
1606,03-276-3931,Mango (Rhynoodle),Mango,Rhynoodle,Fruits & Vegetables,4.50,60,12/20/2026
1607,02-275-6061,Potato (Skyble),Potato,Skyble,Fruits & Vegetables,1.20,26,8/19/2026
1608,36-679-4670,Bell Pepper (Demizz),Bell Pepper,Demizz,Fruits & Vegetables,4.50,90,1/13/2027
1609,57-359-3397,Garlic (Jaxspan),Garlic,Jaxspan,Fruits & Vegetables,7.00,43,12/19/2026
1610,01-050-2246,Grapes (Shufflebeat),Grapes,Shufflebeat,Fruits & Vegetables,5.50,99,9/8/2026
1611,75-672-4378,Pomegranate (Devpulse),Pomegranate,Devpulse,Fruits & Vegetables,6.00,62,6/5/2026
1612,49-861-7823,Coconut (Tagtune),Coconut,Tagtune,Fruits & Vegetables,5.00,99,8/10/2026
1613,66-993-4234,Cucumber (Yotz),Cucumber,Yotz,Fruits & Vegetables,1.80,13,6/24/2026
1614,28-008-2951,Broccoli (Tagchat),Broccoli,Tagchat,Fruits & Vegetables,4.00,95,5/20/2026
1615,73-942-0508,Kale (Meevee),Kale,Meevee,Fruits & Vegetables,4.00,61,10/4/2026
1616,58-063-8633,Bell Pepper (Flipopia),Bell Pepper,Flipopia,Fruits & Vegetables,4.50,50,9/22/2026
1617,03-043-9933,Strawberries (Babblestorm),Strawberries,Babblestorm,Fruits & Vegetables,6.10,16,2/8/2027
1618,95-356-1566,Grapes (Zoovu),Grapes,Zoovu,Fruits & Vegetables,5.50,13,1/29/2027
1619,53-667-4109,Onion (Dabtype),Onion,Dabtype,Fruits & Vegetables,2.00,16,5/24/2026
1620,47-221-2470,Pomegranate (Wikizz),Pomegranate,Wikizz,Fruits & Vegetables,6.00,17,10/10/2026
1621,67-382-4435,Green Beans (Yata),Green Beans,Yata,Fruits & Vegetables,2.10,99,3/2/2026
1622,94-029-2717,Broccoli (Jabbertype),Broccoli,Jabbertype,Fruits & Vegetables,4.00,40,6/9/2026
1623,67-248-6306,Cauliflower (Abata),Cauliflower,Abata,Fruits & Vegetables,2.50,77,12/22/2026
1624,68-973-8812,Sweet Potato (Quatz),Sweet Potato,Quatz,Fruits & Vegetables,2.00,44,5/24/2026
1625,11-325-7396,Mango (Izio),Mango,Izio,Fruits & Vegetables,5.00,92,3/26/2026
1626,68-761-6907,Zucchini (Abata),Zucchini,Abata,Fruits & Vegetables,2.50,26,2/2/2027
1627,44-476-0390,Lemon (Devpulse),Lemon,Devpulse,Fruits & Vegetables,2.50,90,3/14/2026
1628,35-529-2933,Broccoli (Chatterpoint),Broccoli,Chatterpoint,Fruits & Vegetables,4.00,85,7/13/2026
1629,65-644-1394,Pear (Abatz),Pear,Abatz,Fruits & Vegetables,4.50,26,2/10/2027
1630,88-401-3700,Cauliflower (Twinte),Cauliflower,Twinte,Fruits & Vegetables,2.50,86,1/20/2027
1631,68-977-2498,Grapes (Ainyx),Grapes,Ainyx,Fruits & Vegetables,5.50,88,7/21/2026
1632,96-316-7600,Bell Pepper (Youfeed),Bell Pepper,Youfeed,Fruits & Vegetables,4.50,70,7/7/2026
1633,97-772-2336,Pineapple (Jabbersphere),Pineapple,Jabbersphere,Fruits & Vegetables,3.50,70,7/14/2026
1634,63-822-5278,Pomegranate (Jaloo),Pomegranate,Jaloo,Fruits & Vegetables,6.00,14,2/27/2026
1635,28-986-8001,Pomegranate (Feedmix),Pomegranate,Feedmix,Fruits & Vegetables,6.00,65,10/13/2026
1636,50-364-5828,Coconut (Gigabox),Coconut,Gigabox,Fruits & Vegetables,5.00,89,12/23/2026
1637,16-499-5059,Pear (Youbridge),Pear,Youbridge,Fruits & Vegetables,4.50,77,12/20/2026
1638,13-980-8804,Sweet Potato (Yambee),Sweet Potato,Yambee,Fruits & Vegetables,2.00,100,2/10/2027
1639,68-977-6854,Apricot (Topicblab),Apricot,Topicblab,Fruits & Vegetables,5.00,90,3/2/2026
1640,38-732-7667,Pineapple (Tanoodle),Pineapple,Tanoodle,Fruits & Vegetables,3.50,18,9/28/2026
1641,71-085-4290,Cucumber (Mymm),Cucumber,Mymm,Fruits & Vegetables,1.80,31,12/4/2026
1642,87-675-1506,Strawberries (Shuffledrive),Strawberries,Shuffledrive,Fruits & Vegetables,5.90,31,5/21/2026
1643,94-658-4945,Sweet Potato (Layo),Sweet Potato,Layo,Fruits & Vegetables,2.00,65,5/8/2026
1644,15-562-3712,Cauliflower (Centimia),Cauliflower,Centimia,Fruits & Vegetables,2.50,33,10/28/2026
1645,01-026-2772,Blueberries (Wikizz),Blueberries,Wikizz,Fruits & Vegetables,10.00,40,5/27/2026
1646,40-751-8635,Pineapple (Jayo),Pineapple,Jayo,Fruits & Vegetables,3.40,44,3/5/2026
1647,71-015-9181,Pomegranate (Dabtype),Pomegranate,Dabtype,Fruits & Vegetables,6.00,22,10/26/2026
1648,51-572-5497,Orange (Kwilith),Orange,Kwilith,Fruits & Vegetables,3.00,15,4/28/2026
1649,06-797-4963,Pomegranate (Gabvine),Pomegranate,Gabvine,Fruits & Vegetables,6.00,52,8/16/2026
1650,87-997-0228,Watermelon (Eidel),Watermelon,Eidel,Fruits & Vegetables,3.00,71,12/27/2026
1651,82-538-4809,Cabbage (Realcube),Cabbage,Realcube,Fruits & Vegetables,1.00,83,10/24/2026
1652,87-698-0944,Banana (Flipbug),Banana,Flipbug,Fruits & Vegetables,98.43,56,2/2/2027
1653,30-964-2694,Peas (Tagfeed),Peas,Tagfeed,Fruits & Vegetables,3.00,48,6/30/2026
1654,94-190-5193,Carrot (Meezzy),Carrot,Meezzy,Fruits & Vegetables,1.50,67,4/9/2026
1655,00-440-9568,Blueberries (Avaveo),Blueberries,Avaveo,Fruits & Vegetables,10.00,53,12/20/2026
1656,81-844-2979,Broccoli (Gabspot),Broccoli,Gabspot,Fruits & Vegetables,4.00,73,5/11/2026
1657,80-039-1261,Strawberries (Linkbridge),Strawberries,Linkbridge,Fruits & Vegetables,6.00,26,6/12/2026
1658,75-927-9108,Cabbage (Talane),Cabbage,Talane,Fruits & Vegetables,1.00,24,7/2/2026
1659,78-614-4402,Green Beans (Bubblebox),Green Beans,Bubblebox,Fruits & Vegetables,2.00,81,4/25/2026
1660,01-903-5373,Strawberries (Devshare),Strawberries,Devshare,Fruits & Vegetables,6.00,94,6/21/2026
1661,10-626-8536,Coconut Sugar (Skilith),Coconut Sugar,Skilith,Grains & Pulses,5.00,17,3/30/2026
1662,86-978-6666,Whole Wheat Flour (Feedfish),Whole Wheat Flour,Feedfish,Grains & Pulses,2.70,38,9/15/2026
1663,30-806-3823,Jasmine Rice (Ainyx),Jasmine Rice,Ainyx,Grains & Pulses,4.75,53,3/6/2026
1664,95-640-0293,Arborio Rice (Meevee),Arborio Rice,Meevee,Grains & Pulses,4.50,34,2/7/2027
1665,45-250-4679,Bread Flour (Zoonder),Bread Flour,Zoonder,Grains & Pulses,1.50,54,7/5/2026
1666,39-810-2042,Rice Flour (Babblestorm),Rice Flour,Babblestorm,Grains & Pulses,2.00,24,9/5/2026
1667,31-746-4951,Whole Wheat Flour (Skiptube),Whole Wheat Flour,Skiptube,Grains & Pulses,2.75,67,9/6/2026
1668,53-008-2419,Jasmine Rice (Innotype),Jasmine Rice,Innotype,Grains & Pulses,4.75,62,5/27/2026
1669,62-777-6010,Sushi Rice (Linkbridge),Sushi Rice,Linkbridge,Grains & Pulses,4.25,77,11/5/2026
1670,06-955-3428,Black Rice (Skaboo),Black Rice,Skaboo,Grains & Pulses,6.00,30,9/22/2026
1671,04-758-0410,Wild Rice (Wikido),Wild Rice,Wikido,Grains & Pulses,10.00,26,5/2/2026
1672,06-655-5498,Wild Rice (Wikivu),Wild Rice,Wikivu,Grains & Pulses,9.75,72,9/28/2026
1673,30-429-2162,Black Rice (Jaxworks),Black Rice,Jaxworks,Grains & Pulses,6.15,34,1/15/2027
1674,21-120-6238,All-Purpose Flour (Avavee),All-Purpose Flour,Avavee,Grains & Pulses,1.75,55,9/5/2026
1675,46-520-1819,Short Grain Rice (Fivebridge),Short Grain Rice,Fivebridge,Grains & Pulses,4.50,41,5/15/2026
1676,51-069-0489,Bread Flour (Photobean),Bread Flour,Photobean,Grains & Pulses,1.50,96,5/30/2026
1677,17-493-4579,Almond Flour (Demivee),Almond Flour,Demivee,Grains & Pulses,9.50,76,5/28/2026
1678,46-622-3434,Jasmine Rice (Realblab),Jasmine Rice,Realblab,Grains & Pulses,4.75,17,7/23/2026
1679,65-854-9364,Black Rice (Tavu),Black Rice,Tavu,Grains & Pulses,6.30,30,4/22/2026
1680,21-809-7115,White Rice (Kwilith),White Rice,Kwilith,Grains & Pulses,1.80,80,2/24/2027
1681,84-269-9130,Long Grain Rice (Voonyx),Long Grain Rice,Voonyx,Grains & Pulses,1.50,11,8/2/2026
1682,94-598-3383,Brown Rice (Twimm),Brown Rice,Twimm,Grains & Pulses,2.50,79,9/1/2026
1683,89-335-0155,Brown Rice (Skajo),Brown Rice,Skajo,Grains & Pulses,2.50,46,1/16/2027
1684,38-417-4656,White Sugar (Vipe),White Sugar,Vipe,Grains & Pulses,2.00,24,12/23/2026
1685,47-749-3277,Powdered Sugar (Jazzy),Powdered Sugar,Jazzy,Grains & Pulses,2.50,46,9/13/2026
1686,90-230-9767,Long Grain Rice (Livepath),Long Grain Rice,Livepath,Grains & Pulses,1.50,67,11/17/2026
1687,87-104-0187,Whole Wheat Flour (Topiczoom),Whole Wheat Flour,Topiczoom,Grains & Pulses,2.75,86,2/5/2027
1688,06-340-6856,Wild Rice (Babbleblab),Wild Rice,Babbleblab,Grains & Pulses,9.75,41,2/29/2026
1689,80-020-8041,Black Rice (Yodoo),Black Rice,Yodoo,Grains & Pulses,6.20,11,7/8/2026
1690,93-571-7294,Sushi Rice (Edgewire),Sushi Rice,Edgewire,Grains & Pulses,4.35,78,5/22/2026
1691,52-392-5312,All-Purpose Flour (Edgetag),All-Purpose Flour,Edgetag,Grains & Pulses,1.75,50,7/24/2026
1692,47-663-5703,Basmati Rice (Oozz),Basmati Rice,Oozz,Grains & Pulses,4.50,15,9/14/2026
1693,84-151-2114,Brown Rice (Trupe),Brown Rice,Trupe,Grains & Pulses,2.50,39,8/11/2026
1694,34-547-0827,White Rice (Kaymbo),White Rice,Kaymbo,Grains & Pulses,1.80,54,7/5/2026
1695,40-003-7322,White Sugar (Feedfire),White Sugar,Feedfire,Grains & Pulses,2.00,13,10/11/2026
1696,22-083-3347,Long Grain Rice (Shuffletag),Long Grain Rice,Shuffletag,Grains & Pulses,1.50,69,4/30/2026
1697,09-101-1740,Sushi Rice (Skajo),Sushi Rice,Skajo,Grains & Pulses,4.75,36,8/31/2026
1698,50-329-3360,Wild Rice (Rhynoodle),Wild Rice,Rhynoodle,Grains & Pulses,10.00,19,8/25/2026
1699,74-234-0628,Almond Flour (Yoveo),Almond Flour,Yoveo,Grains & Pulses,9.50,12,5/13/2026
1700,70-587-1204,Black Rice (Zoombox),Black Rice,Zoombox,Grains & Pulses,6.00,68,6/23/2026
1701,23-070-2433,Powdered Sugar (Roombo),Powdered Sugar,Roombo,Grains & Pulses,2.50,68,12/28/2026
1702,87-013-6488,Sushi Rice (Devcast),Sushi Rice,Devcast,Grains & Pulses,4.25,22,4/14/2026
1703,20-022-3173,Bread Flour (Tambee),Bread Flour,Tambee,Grains & Pulses,1.50,21,2/22/2027
1704,07-846-4804,Jasmine Rice (Myworks),Jasmine Rice,Myworks,Grains & Pulses,4.75,20,9/25/2026
1705,71-594-6552,Long Grain Rice (Thoughtbeat),Long Grain Rice,Thoughtbeat,Grains & Pulses,1.50,12,4/17/2026
1706,77-777-4536,Basmati Rice (Bluejam),Basmati Rice,Bluejam,Grains & Pulses,4.40,26,4/4/2026
1707,04-542-3863,Bread Flour (Camimbo),Bread Flour,Camimbo,Grains & Pulses,1.50,34,12/22/2026
1708,56-875-3717,Brown Rice (Vidoo),Brown Rice,Vidoo,Grains & Pulses,2.50,89,5/3/2026
1709,08-396-2704,White Sugar (Babblestorm),White Sugar,Babblestorm,Grains & Pulses,2.00,42,5/10/2026
1710,28-197-9246,Powdered Sugar (Feedbug),Powdered Sugar,Feedbug,Grains & Pulses,2.50,47,5/23/2026
1711,96-961-2193,Jasmine Rice (Zava),Jasmine Rice,Zava,Grains & Pulses,4.75,46,11/10/2026
1712,90-737-0044,Black Rice (Topiclounge),Black Rice,Topiclounge,Grains & Pulses,6.00,79,5/17/2026
1713,29-377-7040,Short Grain Rice (Meembee),Short Grain Rice,Meembee,Grains & Pulses,3.00,22,7/29/2026
1714,54-109-8062,Sushi Rice (Feedfire),Sushi Rice,Feedfire,Grains & Pulses,4.50,75,2/16/2027
1715,65-145-9672,Long Grain Rice (Kwideo),Long Grain Rice,Kwideo,Grains & Pulses,1.50,71,5/26/2026
1716,15-169-8058,Bread Flour (Livetube),Bread Flour,Livetube,Grains & Pulses,1.50,87,4/18/2026
1717,10-255-8579,Basmati Rice (Kanoodle),Basmati Rice,Kanoodle,Grains & Pulses,4.50,56,1/28/2027
1718,67-270-7464,Jasmine Rice (Roombo),Jasmine Rice,Roombo,Grains & Pulses,4.75,91,12/7/2026
1719,45-050-4720,Black Rice (Skynoodle),Black Rice,Skynoodle,Grains & Pulses,6.00,18,3/13/2026
1720,60-911-3745,Black Rice (Feedfire),Black Rice,Feedfire,Grains & Pulses,6.35,98,1/18/2027
1721,53-146-9979,Powdered Sugar (Skiptube),Powdered Sugar,Skiptube,Grains & Pulses,2.50,21,8/8/2026
1722,29-896-7926,White Rice (Zoovu),White Rice,Zoovu,Grains & Pulses,1.80,20,5/6/2026
1723,68-732-5919,Jasmine Rice (Cogilith),Jasmine Rice,Cogilith,Grains & Pulses,4.75,26,5/17/2026
1724,93-342-8794,Bread Flour (Fliptune),Bread Flour,Fliptune,Grains & Pulses,1.50,84,11/22/2026
1725,54-708-7327,Jasmine Rice (BlogXS),Jasmine Rice,BlogXS,Grains & Pulses,4.75,50,4/15/2026
1726,56-191-6497,Bread Flour (DabZ),Bread Flour,DabZ,Grains & Pulses,1.50,97,1/7/2027
1727,43-893-5408,Short Grain Rice (Twitternation),Short Grain Rice,Twitternation,Grains & Pulses,3.00,60,8/24/2026
1728,74-711-7160,Sushi Rice (Skimia),Sushi Rice,Skimia,Grains & Pulses,4.50,84,6/1/2026
1729,72-404-5581,Almond Flour (Mydeo),Almond Flour,Mydeo,Grains & Pulses,9.50,54,2/8/2027
1730,78-956-4737,Sushi Rice (Zava),Sushi Rice,Zava,Grains & Pulses,4.20,47,4/18/2026
1731,20-387-7746,Powdered Sugar (Eare),Powdered Sugar,Eare,Grains & Pulses,2.50,64,10/27/2026
1732,29-135-0791,Jasmine Rice (Quatz),Jasmine Rice,Quatz,Grains & Pulses,4.75,56,1/11/2027
1733,82-231-4245,Wild Rice (Buzzdog),Wild Rice,Buzzdog,Grains & Pulses,10.00,32,1/16/2027
1734,42-220-9305,White Sugar (Fivebridge),White Sugar,Fivebridge,Grains & Pulses,2.00,91,10/14/2026
1735,30-591-7275,Brown Rice (Jayo),Brown Rice,Jayo,Grains & Pulses,2.50,17,1/18/2027
1736,69-743-0161,Bread Flour (Browsetype),Bread Flour,Browsetype,Grains & Pulses,1.50,99,11/21/2026
1737,54-822-9009,Cauliflower (Ainyx),Cauliflower,Ainyx,Grains & Pulses,3.20,40,1/3/2027
1738,02-655-3240,Rice Flour (Kayveo),Rice Flour,Kayveo,Grains & Pulses,2.00,99,6/20/2026
1739,01-839-6534,Short Grain Rice (Buzzster),Short Grain Rice,Buzzster,Grains & Pulses,3.00,56,9/2/2026
1740,69-171-1305,Brown Rice (Aivee),Brown Rice,Aivee,Grains & Pulses,2.50,31,10/11/2026
1741,58-946-5152,Bread Flour (Dynabox),Bread Flour,Dynabox,Grains & Pulses,1.50,11,7/10/2026
1742,99-894-4351,White Sugar (Vinder),White Sugar,Vinder,Grains & Pulses,2.00,29,12/25/2026
1743,67-710-5120,Bread Flour (Zoonoodle),Bread Flour,Zoonoodle,Grains & Pulses,1.50,84,2/25/2026
1744,41-131-3841,Almond Flour (Rhycero),Almond Flour,Rhycero,Grains & Pulses,9.50,77,3/20/2026
1745,55-936-2406,Bread Flour (Flashset),Bread Flour,Flashset,Grains & Pulses,1.50,27,4/5/2026
1746,62-816-8794,Rice Flour (Realblab),Rice Flour,Realblab,Grains & Pulses,2.00,15,2/6/2027
1747,67-725-6830,Brown Rice (Tazz),Brown Rice,Tazz,Grains & Pulses,2.50,51,6/18/2026
1748,12-093-9863,Arborio Rice (Jetwire),Arborio Rice,Jetwire,Grains & Pulses,4.50,51,6/26/2026
1749,02-484-0206,Short Grain Rice (Eadel),Short Grain Rice,Eadel,Grains & Pulses,3.00,64,8/2/2026
1750,80-441-7249,Wild Rice (Skivee),Wild Rice,Skivee,Grains & Pulses,10.00,98,8/10/2026
1751,41-316-8427,Arborio Rice (Fivebridge),Arborio Rice,Fivebridge,Grains & Pulses,4.50,95,9/21/2026
1752,57-779-4955,Black Rice (Photobean),Black Rice,Photobean,Grains & Pulses,6.25,92,1/20/2027
1753,51-469-4611,Long Grain Rice (Photolist),Long Grain Rice,Photolist,Grains & Pulses,1.60,62,1/7/2027
1754,86-273-9377,White Rice (Skaboo),White Rice,Skaboo,Grains & Pulses,1.80,18,11/29/2026
1755,35-353-4068,Bread Flour (Rhyzio),Bread Flour,Rhyzio,Grains & Pulses,1.50,64,7/5/2026
1756,83-556-0996,Powdered Sugar (Thoughtbeat),Powdered Sugar,Thoughtbeat,Grains & Pulses,2.40,88,10/30/2026
1757,09-618-2842,White Sugar (Quire),White Sugar,Quire,Grains & Pulses,2.00,38,8/6/2026
1758,77-937-1108,White Sugar (Youbridge),White Sugar,Youbridge,Grains & Pulses,2.00,39,4/12/2026
1759,42-495-7698,Sushi Rice (Thoughtblab),Sushi Rice,Thoughtblab,Grains & Pulses,4.30,10,7/22/2026
1760,57-101-0060,Whole Wheat Flour (Buzzshare),Whole Wheat Flour,Buzzshare,Grains & Pulses,2.75,59,9/11/2026
1761,55-803-3964,Bread Flour (Tanoodle),Bread Flour,Tanoodle,Grains & Pulses,1.50,25,10/30/2026
1762,02-895-7781,Coconut Sugar (Eidel),Coconut Sugar,Eidel,Grains & Pulses,5.00,51,1/24/2027
1763,95-354-8583,Long Grain Rice (BlogXS),Long Grain Rice,BlogXS,Grains & Pulses,1.50,98,10/20/2026
1764,06-690-2335,Jasmine Rice (Vimbo),Jasmine Rice,Vimbo,Grains & Pulses,4.75,24,5/7/2026
1765,44-634-8292,Whole Wheat Flour (Eadel),Whole Wheat Flour,Eadel,Grains & Pulses,2.75,60,1/2/2027
1766,22-895-6595,Rice Flour (Twitterbridge),Rice Flour,Twitterbridge,Grains & Pulses,2.00,31,11/21/2026
1767,29-592-7315,Arborio Rice (Kwinu),Arborio Rice,Kwinu,Grains & Pulses,4.50,56,9/22/2026
1768,86-257-4613,Jasmine Rice (Eazzy),Jasmine Rice,Eazzy,Grains & Pulses,4.75,44,8/5/2026
1769,79-350-5841,Jasmine Rice (Chatterpoint),Jasmine Rice,Chatterpoint,Grains & Pulses,4.75,33,4/17/2026
1770,95-357-2870,Arborio Rice (Layo),Arborio Rice,Layo,Grains & Pulses,4.50,86,5/20/2026
1771,04-277-5245,Coconut Sugar (Ntags),Coconut Sugar,Ntags,Grains & Pulses,5.00,20,6/18/2026
1772,36-531-4087,Almond Flour (Skipfire),Almond Flour,Skipfire,Grains & Pulses,9.50,85,3/14/2026
1773,36-636-4873,Black Rice (Youbridge),Black Rice,Youbridge,Grains & Pulses,6.10,86,5/30/2026
1774,45-992-5653,Whole Wheat Flour (Mydo),Whole Wheat Flour,Mydo,Grains & Pulses,2.75,82,10/19/2026
1775,92-791-0606,Short Grain Rice (Midel),Short Grain Rice,Midel,Grains & Pulses,3.00,18,9/6/2026
1776,07-617-6934,Coconut Sugar (Demizz),Coconut Sugar,Demizz,Grains & Pulses,5.00,91,11/16/2026
1777,10-034-7654,Bread Flour (Eabox),Bread Flour,Eabox,Grains & Pulses,1.50,70,5/28/2026
1778,21-633-8696,Coconut Sugar (Jetpulse),Coconut Sugar,Jetpulse,Grains & Pulses,5.00,49,5/26/2026
1779,01-703-8441,Raw Sugar (Skivee),Raw Sugar,Skivee,Grains & Pulses,1.50,100,6/21/2026
1780,36-372-2295,Basmati Rice (Feedfish),Basmati Rice,Feedfish,Grains & Pulses,4.45,55,4/14/2026
1781,35-328-8392,Long Grain Rice (Voonder),Long Grain Rice,Voonder,Grains & Pulses,1.45,39,4/21/2026
1782,22-141-9798,White Sugar (Topicstorm),White Sugar,Topicstorm,Grains & Pulses,2.00,47,4/30/2026
1783,40-795-0753,Raw Sugar (Oyoyo),Raw Sugar,Oyoyo,Grains & Pulses,1.50,31,5/30/2026
1784,02-170-5225,Raw Sugar (Leenti),Raw Sugar,Leenti,Grains & Pulses,1.50,90,2/23/2027
1785,76-854-0095,White Sugar (Vinder),White Sugar,Vinder,Grains & Pulses,2.00,65,12/28/2026
1786,89-922-4773,Whole Wheat Flour (Mudo),Whole Wheat Flour,Mudo,Grains & Pulses,2.75,39,12/27/2026
1787,53-710-7630,Rice Flour (Mydeo),Rice Flour,Mydeo,Grains & Pulses,2.00,25,1/14/2027
1788,92-551-8504,Raw Sugar (Flashspan),Raw Sugar,Flashspan,Grains & Pulses,1.50,19,12/24/2026
1789,69-578-7930,Brown Rice (Tanoodle),Brown Rice,Tanoodle,Grains & Pulses,2.50,44,6/5/2026
1790,84-624-0201,Bread Flour (Innojam),Bread Flour,Innojam,Grains & Pulses,1.50,71,1/20/2027
1791,28-003-8065,Almond Flour (Miboo),Almond Flour,Miboo,Grains & Pulses,9.50,79,1/28/2027
1792,99-137-1730,Bread Flour (Linktype),Bread Flour,Linktype,Grains & Pulses,1.50,62,10/18/2026
1793,22-319-1377,White Sugar (Avaveo),White Sugar,Avaveo,Grains & Pulses,2.00,14,6/21/2026
1794,89-181-4523,Wild Rice (Vipe),Wild Rice,Vipe,Grains & Pulses,10.00,46,12/22/2026
1795,14-489-8669,All-Purpose Flour (Centizu),All-Purpose Flour,Centizu,Grains & Pulses,1.75,54,5/13/2026
1796,62-509-0666,Almond Flour (Gigazoom),Almond Flour,Gigazoom,Grains & Pulses,9.50,13,7/3/2026
1797,37-567-3218,Almond Flour (Youopia),Almond Flour,Youopia,Grains & Pulses,9.50,37,7/20/2026
1798,19-967-0632,Short Grain Rice (Quamba),Short Grain Rice,Quamba,Grains & Pulses,3.00,53,11/6/2026
1799,44-128-2185,Jasmine Rice (Talane),Jasmine Rice,Talane,Grains & Pulses,4.75,98,12/30/2026
1800,29-205-1132,Sushi Rice (Yabox),Sushi Rice,Yabox,Grains & Pulses,4.50,22,9/19/2026
1801,40-683-0283,White Sugar (Thoughtblab),White Sugar,Thoughtblab,Grains & Pulses,2.00,27,5/23/2026
1802,87-423-8486,Powdered Sugar (Gigabox),Powdered Sugar,Gigabox,Grains & Pulses,2.50,63,3/9/2026
1803,05-334-2923,Bread Flour (Gigazoom),Bread Flour,Gigazoom,Grains & Pulses,1.50,14,5/16/2026
1804,10-249-7928,Black Rice (Camido),Black Rice,Camido,Grains & Pulses,6.50,85,11/3/2026
1805,89-328-9019,Bread Flour (Quatz),Bread Flour,Quatz,Grains & Pulses,1.50,63,12/8/2026
1806,73-117-6105,Brown Rice (Devpulse),Brown Rice,Devpulse,Grains & Pulses,2.50,44,1/23/2027
1807,56-303-5256,Wild Rice (Roomm),Wild Rice,Roomm,Grains & Pulses,10.00,58,3/21/2026
1808,57-394-1587,Bread Flour (Jamia),Bread Flour,Jamia,Grains & Pulses,1.50,57,10/30/2026
1809,77-377-1659,Almond Flour (Skajo),Almond Flour,Skajo,Grains & Pulses,9.50,74,6/19/2026
1810,77-224-2227,Almond Flour (Twitterworks),Almond Flour,Twitterworks,Grains & Pulses,9.50,75,10/26/2026
1811,39-358-3340,Basmati Rice (Shuffletag),Basmati Rice,Shuffletag,Grains & Pulses,4.50,71,3/14/2026
1812,11-733-1756,Rice Flour (Mudo),Rice Flour,Mudo,Grains & Pulses,2.00,52,2/24/2027
1813,14-305-9690,Sushi Rice (Geba),Sushi Rice,Geba,Grains & Pulses,4.30,19,3/10/2026
1814,83-727-0814,Basmati Rice (Zooxo),Basmati Rice,Zooxo,Grains & Pulses,4.50,11,6/5/2026
1815,42-674-3917,Whole Wheat Flour (Blogspan),Whole Wheat Flour,Blogspan,Grains & Pulses,2.65,41,6/6/2026
1816,09-335-7793,Powdered Sugar (Meeveo),Powdered Sugar,Meeveo,Grains & Pulses,2.40,66,6/1/2026
1817,99-033-5661,Rice Flour (Camido),Rice Flour,Camido,Grains & Pulses,2.00,42,9/25/2026
1818,90-128-7973,Black Rice (Photospace),Black Rice,Photospace,Grains & Pulses,6.25,49,3/13/2026
1819,39-232-5341,Arborio Rice (Layo),Arborio Rice,Layo,Grains & Pulses,4.50,20,2/15/2027
1820,90-865-9150,Powdered Sugar (Viva),Powdered Sugar,Viva,Grains & Pulses,2.50,28,7/9/2026
1821,42-887-6557,Long Grain Rice (Meevee),Long Grain Rice,Meevee,Grains & Pulses,1.50,26,3/30/2026
1822,44-782-1395,Raw Sugar (Livetube),Raw Sugar,Livetube,Grains & Pulses,1.50,72,11/17/2026
1823,79-569-8856,Vegetable Oil (Jaxbean),Vegetable Oil,Jaxbean,Oils & Fats,2.00,51,6/11/2026
1824,90-343-9640,Avocado Oil (Cogibox),Avocado Oil,Cogibox,Oils & Fats,10.00,53,10/6/2026
1825,66-327-2821,Palm Oil (Demivee),Palm Oil,Demivee,Oils & Fats,1.80,67,5/27/2026
1826,95-090-2788,Sesame Oil (Dynazzy),Sesame Oil,Dynazzy,Oils & Fats,6.50,45,8/26/2026
1827,11-891-8213,Peanut Oil (Vidoo),Peanut Oil,Vidoo,Oils & Fats,4.00,38,11/13/2026
1828,82-811-7988,Olive Oil (Quatz),Olive Oil,Quatz,Oils & Fats,6.00,36,12/13/2026
1829,76-584-4790,Peanut Oil (Quamba),Peanut Oil,Quamba,Oils & Fats,4.00,21,1/1/2027
1830,36-296-9609,Sunflower Oil (Dabvine),Sunflower Oil,Dabvine,Oils & Fats,2.50,24,12/1/2026
1831,67-546-1568,Peanut Oil (Livepath),Peanut Oil,Livepath,Oils & Fats,4.00,57,3/28/2026
1832,05-899-1428,Avocado Oil (Skivee),Avocado Oil,Skivee,Oils & Fats,10.00,14,7/1/2026
1833,65-718-0492,Olive Oil (Oyoloo),Olive Oil,Oyoloo,Oils & Fats,6.00,100,2/16/2027
1834,48-289-0604,Vegetable Oil (Edgewire),Vegetable Oil,Edgewire,Oils & Fats,2.00,18,6/20/2026
1835,35-299-0889,Coconut Oil (Divanoodle),Coconut Oil,Divanoodle,Oils & Fats,5.00,33,4/21/2026
1836,42-907-6946,Coconut Oil (Fatz),Coconut Oil,Fatz,Oils & Fats,5.00,90,8/31/2026
1837,50-679-2072,Canola Oil (Jazzy),Canola Oil,Jazzy,Oils & Fats,2.30,97,5/30/2026
1838,48-193-1199,Canola Oil (Flipopia),Canola Oil,Flipopia,Oils & Fats,2.30,46,6/9/2026
1839,45-317-9731,Palm Oil (Twiyo),Palm Oil,Twiyo,Oils & Fats,1.80,44,8/20/2026
1840,03-940-0630,Sunflower Oil (Gabspot),Sunflower Oil,Gabspot,Oils & Fats,2.50,23,4/3/2026
1841,75-080-4909,Corn Oil (Tagpad),Corn Oil,Tagpad,Oils & Fats,2.50,20,9/9/2026
1842,77-013-1553,Canola Oil (Wikido),Canola Oil,Wikido,Oils & Fats,2.30,79,8/20/2026
1843,14-331-3739,Avocado Oil (Flipbug),Avocado Oil,Flipbug,Oils & Fats,10.00,24,3/28/2026
1844,72-780-6006,Sunflower Oil (Eare),Sunflower Oil,Eare,Oils & Fats,2.50,87,4/17/2026
1845,86-692-2312,Avocado Oil (Gigazoom),Avocado Oil,Gigazoom,Oils & Fats,10.00,30,4/30/2026
1846,27-216-9671,Sesame Oil (Skippad),Sesame Oil,Skippad,Oils & Fats,6.50,100,6/4/2026
1847,42-134-9798,Canola Oil (Skaboo),Canola Oil,Skaboo,Oils & Fats,2.30,19,12/30/2026
1848,01-439-6231,Sunflower Oil (Gigazoom),Sunflower Oil,Gigazoom,Oils & Fats,2.50,88,12/9/2026
1849,78-953-2073,Canola Oil (Thoughtsphere),Canola Oil,Thoughtsphere,Oils & Fats,2.30,53,1/4/2027
1850,93-815-0565,Sesame Oil (Quatz),Sesame Oil,Quatz,Oils & Fats,6.50,50,7/1/2026
1851,89-713-6071,Sesame Oil (Vinte),Sesame Oil,Vinte,Oils & Fats,6.50,89,11/25/2026
1852,11-604-6002,Canola Oil (Voonte),Canola Oil,Voonte,Oils & Fats,2.30,69,5/29/2026
1853,64-418-8356,Sunflower Oil (Buzzster),Sunflower Oil,Buzzster,Oils & Fats,2.50,80,4/28/2026
1854,12-046-2988,Corn Oil (Quinu),Corn Oil,Quinu,Oils & Fats,2.50,17,11/21/2026
1855,72-810-9753,Sesame Oil (Brightbean),Sesame Oil,Brightbean,Oils & Fats,6.50,14,12/12/2026
1856,06-611-5454,Peanut Oil (Vinder),Peanut Oil,Vinder,Oils & Fats,4.00,64,11/16/2026
1857,09-536-2626,Olive Oil (Twitterbeat),Olive Oil,Twitterbeat,Oils & Fats,6.00,83,3/21/2026
1858,24-143-4957,Canola Oil (Skimia),Canola Oil,Skimia,Oils & Fats,2.30,25,8/15/2026
1859,33-335-9140,Olive Oil (Yoveo),Olive Oil,Yoveo,Oils & Fats,6.00,28,8/27/2026
1860,60-311-5701,Sesame Oil (Yombu),Sesame Oil,Yombu,Oils & Fats,6.50,39,7/17/2026
1861,64-493-5270,Palm Oil (Skyndu),Palm Oil,Skyndu,Oils & Fats,1.80,69,5/22/2026
1862,07-219-8017,Palm Oil (Youtags),Palm Oil,Youtags,Oils & Fats,1.80,40,11/8/2026
1863,87-391-9658,Corn Oil (Rhynyx),Corn Oil,Rhynyx,Oils & Fats,2.50,26,1/7/2027
1864,56-668-5370,Vegetable Oil (Skyba),Vegetable Oil,Skyba,Oils & Fats,2.00,70,8/3/2026
1865,52-029-2382,Coconut Oil (Devbug),Coconut Oil,Devbug,Oils & Fats,5.00,54,4/8/2026
1866,44-368-7112,Corn Oil (Aimbu),Corn Oil,Aimbu,Oils & Fats,2.50,28,12/6/2026
1867,23-395-3157,Vegetable Oil (Voolith),Vegetable Oil,Voolith,Oils & Fats,2.00,41,3/16/2026
1868,43-153-8268,Vegetable Oil (Wikibox),Vegetable Oil,Wikibox,Oils & Fats,2.00,75,10/2/2026
1869,21-693-8216,Corn Oil (Trudeo),Corn Oil,Trudeo,Oils & Fats,2.50,70,10/27/2026
1870,10-854-5467,Canola Oil (Teklist),Canola Oil,Teklist,Oils & Fats,2.30,96,11/26/2026
1871,71-516-1996,Corn Oil (Fivespan),Corn Oil,Fivespan,Oils & Fats,2.50,96,6/20/2026
1872,76-459-2392,Palm Oil (Jetpulse),Palm Oil,Jetpulse,Oils & Fats,1.80,74,5/24/2026
1873,92-837-8839,Vegetable Oil (Dynazzy),Vegetable Oil,Dynazzy,Oils & Fats,2.00,23,8/18/2026
1874,83-573-4586,Sesame Oil (Jabbercube),Sesame Oil,Jabbercube,Oils & Fats,6.50,77,7/18/2026
1875,76-325-9093,Sesame Oil (Yozio),Sesame Oil,Yozio,Oils & Fats,6.50,27,12/18/2026
1876,84-075-7647,Canola Oil (Rhyzio),Canola Oil,Rhyzio,Oils & Fats,2.30,91,2/22/2027
1877,97-283-4840,Palm Oil (Avamm),Palm Oil,Avamm,Oils & Fats,1.80,58,2/24/2027
1878,06-849-4869,Sesame Oil (Yodo),Sesame Oil,Yodo,Oils & Fats,6.50,85,7/15/2026
1879,73-118-1117,Olive Oil (Skipfire),Olive Oil,Skipfire,Oils & Fats,6.00,52,11/13/2026
1880,36-383-3677,Corn Oil (Brainverse),Corn Oil,Brainverse,Oils & Fats,2.50,32,2/2/2027
1881,77-827-0820,Sesame Oil (Brainverse),Sesame Oil,Brainverse,Oils & Fats,6.50,97,11/9/2026
1882,10-617-7581,Peanut Oil (Flashspan),Peanut Oil,Flashspan,Oils & Fats,4.00,24,6/17/2026
1883,88-602-8210,Avocado Oil (Babblestorm),Avocado Oil,Babblestorm,Oils & Fats,10.00,99,9/28/2026
1884,21-252-1360,Corn Oil (Jabbersphere),Corn Oil,Jabbersphere,Oils & Fats,2.50,75,7/4/2026
1885,82-243-3180,Palm Oil (Topiclounge),Palm Oil,Topiclounge,Oils & Fats,1.80,43,2/11/2027
1886,00-357-2313,Avocado Oil (Lazz),Avocado Oil,Lazz,Oils & Fats,10.00,10,12/13/2026
1887,72-970-0239,Sesame Oil (Jabberstorm),Sesame Oil,Jabberstorm,Oils & Fats,6.50,85,7/18/2026
1888,88-408-0310,Corn Oil (Vimbo),Corn Oil,Vimbo,Oils & Fats,2.50,50,8/26/2026
1889,26-031-8070,Vegetable Oil (Skinix),Vegetable Oil,Skinix,Oils & Fats,2.00,57,4/19/2026
1890,87-903-3486,Peanut Oil (Trilia),Peanut Oil,Trilia,Oils & Fats,4.00,21,2/29/2026
1891,96-164-0607,Coconut Oil (Twitterbeat),Coconut Oil,Twitterbeat,Oils & Fats,5.00,89,10/17/2026
1892,04-240-2226,Olive Oil (Linklinks),Olive Oil,Linklinks,Oils & Fats,6.00,47,3/5/2026
1893,64-854-8664,Peanut Oil (Oba),Peanut Oil,Oba,Oils & Fats,4.00,79,8/30/2026
1894,62-795-7801,Palm Oil (Browsezoom),Palm Oil,Browsezoom,Oils & Fats,1.80,35,11/23/2026
1895,06-858-5680,Sesame Oil (Kamba),Sesame Oil,Kamba,Oils & Fats,6.50,15,1/16/2027
1896,84-198-7276,Peanut Oil (Rooxo),Peanut Oil,Rooxo,Oils & Fats,4.00,60,6/15/2026
1897,44-480-9446,Sunflower Oil (Kamba),Sunflower Oil,Kamba,Oils & Fats,2.50,39,3/14/2026
1898,74-294-3760,Peanut Oil (Yombu),Peanut Oil,Yombu,Oils & Fats,4.00,49,11/27/2026
1899,58-219-0241,Avocado Oil (Kwideo),Avocado Oil,Kwideo,Oils & Fats,10.00,50,6/4/2026
1900,42-879-9478,Anchovies (Katz),Anchovies,Katz,Seafood,10.00,81,8/22/2026
1901,46-255-3073,Tilapia (Bubblemix),Tilapia,Bubblemix,Seafood,7.00,30,7/11/2026
1902,08-114-3922,Anchovies (Mydo),Anchovies,Mydo,Seafood,10.00,60,2/15/2027
1903,26-010-9519,Trout (Browsedrive),Trout,Browsedrive,Seafood,12.00,29,1/9/2027
1904,67-625-9704,Sardines (Shufflester),Sardines,Shufflester,Seafood,6.00,33,7/18/2026
1905,10-445-0741,Anchovies (Jaxnation),Anchovies,Jaxnation,Seafood,10.00,83,3/31/2026
1906,87-791-5803,Tuna (Pixoboo),Tuna,Pixoboo,Seafood,18.00,25,9/1/2026
1907,28-275-5901,Anchovies (Jabbertype),Anchovies,Jabbertype,Seafood,10.00,64,1/24/2027
1908,13-844-2178,Sardines (Buzzshare),Sardines,Buzzshare,Seafood,6.00,44,3/24/2026
1909,44-112-3331,Tuna (Topicshots),Tuna,Topicshots,Seafood,18.00,85,4/8/2026
1910,57-763-5501,Cod (Mybuzz),Cod,Mybuzz,Seafood,8.00,72,3/24/2026
1911,60-550-4771,Haddock (Centizu),Haddock,Centizu,Seafood,9.00,75,8/24/2026
1912,91-257-3672,Tilapia (Browsezoom),Tilapia,Browsezoom,Seafood,7.00,78,7/5/2026
1913,47-554-5780,Haddock (Oyoyo),Haddock,Oyoyo,Seafood,9.00,93,4/17/2026
1914,03-919-9890,Halibut (Voomm),Halibut,Voomm,Seafood,20.00,47,7/25/2026
1915,61-293-6327,Salmon (Flipopia),Salmon,Flipopia,Seafood,15.00,98,4/4/2026
1916,83-716-2177,Halibut (Snaptags),Halibut,Snaptags,Seafood,20.00,18,9/13/2026
1917,55-164-7723,Halibut (Photospace),Halibut,Photospace,Seafood,20.00,82,1/8/2027
1918,47-578-4161,Anchovies (Photospace),Anchovies,Photospace,Seafood,10.00,88,9/14/2026
1919,17-647-0503,Cod (Blognation),Cod,Blognation,Seafood,8.00,96,8/20/2026
1920,44-538-3366,Tuna (Npath),Tuna,Npath,Seafood,18.00,58,3/30/2026
1921,98-445-7372,Cod (Jazzy),Cod,Jazzy,Seafood,8.00,65,5/30/2026
1922,40-462-2952,Trout (Dynava),Trout,Dynava,Seafood,11.50,91,11/19/2026
1923,61-827-4098,Cod (Ozu),Cod,Ozu,Seafood,8.00,23,3/24/2026
1924,36-330-5036,Salmon (Flipbug),Salmon,Flipbug,Seafood,15.00,79,5/17/2026
1925,94-020-6982,Tuna (Miboo),Tuna,Miboo,Seafood,18.00,25,5/4/2026
1926,88-807-8431,Haddock (Photojam),Haddock,Photojam,Seafood,9.00,11,2/9/2027
1927,46-083-7058,Haddock (Thoughtsphere),Haddock,Thoughtsphere,Seafood,9.00,61,6/9/2026
1928,27-389-3529,Haddock (Skipfire),Haddock,Skipfire,Seafood,9.00,84,3/9/2026
1929,36-840-2728,Mackerel (Fiveclub),Mackerel,Fiveclub,Seafood,7.50,76,3/14/2026
1930,81-605-6246,Sardines (Babbleopia),Sardines,Babbleopia,Seafood,6.00,73,3/6/2026
1931,26-456-1992,Tilapia (Roomm),Tilapia,Roomm,Seafood,7.00,56,7/29/2026
1932,45-634-0679,Haddock (Linklinks),Haddock,Linklinks,Seafood,9.00,98,8/27/2026
1933,01-144-5960,Trout (Thoughtblab),Trout,Thoughtblab,Seafood,12.00,75,7/13/2026
1934,71-067-3278,Anchovies (Skidoo),Anchovies,Skidoo,Seafood,10.00,51,8/16/2026
1935,41-729-5410,Sardines (Eire),Sardines,Eire,Seafood,6.00,91,6/26/2026
1936,81-268-5905,Mackerel (Skalith),Mackerel,Skalith,Seafood,7.50,89,6/14/2026
1937,12-342-4482,Trout (Eimbee),Trout,Eimbee,Seafood,11.60,67,8/29/2026
1938,35-835-5591,Tilapia (Skibox),Tilapia,Skibox,Seafood,7.00,95,3/8/2026
1939,19-323-0506,Halibut (Yakitri),Halibut,Yakitri,Seafood,20.00,68,10/15/2026
1940,57-167-0669,Haddock (Thoughtworks),Haddock,Thoughtworks,Seafood,9.00,19,12/30/2026
1941,32-676-1026,Salmon (Oyondu),Salmon,Oyondu,Seafood,15.00,52,4/16/2026
1942,91-426-3204,Haddock (Yamia),Haddock,Yamia,Seafood,9.00,67,7/8/2026
1943,64-109-7362,Anchovies (Mynte),Anchovies,Mynte,Seafood,10.00,86,9/29/2026
1944,74-666-5671,Tuna (Buzzbean),Tuna,Buzzbean,Seafood,18.00,37,5/4/2026
1945,39-479-5147,Tuna (Eidel),Tuna,Eidel,Seafood,18.00,92,4/4/2026
1946,73-010-8323,Tuna (Janyx),Tuna,Janyx,Seafood,18.00,16,4/29/2026
1947,06-336-5482,Sardines (Yamia),Sardines,Yamia,Seafood,6.00,89,8/24/2026
1948,99-561-4871,Haddock (Dabshots),Haddock,Dabshots,Seafood,9.00,17,7/28/2026
1949,19-377-5021,Mackerel (Yodo),Mackerel,Yodo,Seafood,7.50,91,12/24/2026
1950,60-644-6596,Trout (Tagopia),Trout,Tagopia,Seafood,12.00,89,11/10/2026
1951,00-119-8780,Halibut (Kanoodle),Halibut,Kanoodle,Seafood,20.00,40,3/4/2026
1952,27-681-5588,Anchovies (Innojam),Anchovies,Innojam,Seafood,10.00,100,12/7/2026
1953,96-774-0457,Cod (Mydeo),Cod,Mydeo,Seafood,8.00,56,10/22/2026
1954,50-930-4751,Salmon (Jabbercube),Salmon,Jabbercube,Seafood,15.00,88,2/25/2026
1955,31-255-9616,Tuna (Aibox),Tuna,Aibox,Seafood,18.00,88,3/16/2026
1956,37-610-1999,Halibut (Brainbox),Halibut,Brainbox,Seafood,20.00,14,10/19/2026
1957,85-781-5386,Salmon (Topicblab),Salmon,Topicblab,Seafood,15.00,78,12/28/2026
1958,60-343-3288,Tilapia (Pixonyx),Tilapia,Pixonyx,Seafood,6.70,85,5/3/2026
1959,53-050-8242,Mackerel (Yozio),Mackerel,Yozio,Seafood,7.50,82,2/15/2027
1960,83-568-3475,Halibut (Fanoodle),Halibut,Fanoodle,Seafood,20.00,35,2/10/2027
1961,24-579-6500,Anchovies (Innojam),Anchovies,Innojam,Seafood,10.00,93,9/4/2026
1962,47-802-5023,Cod (Twitternation),Cod,Twitternation,Seafood,8.00,16,6/7/2026
1963,31-403-6234,Tuna (Vinder),Tuna,Vinder,Seafood,18.00,87,5/4/2026
1964,88-069-5486,Cod (Edgeclub),Cod,Edgeclub,Seafood,8.00,31,5/1/2026
1965,66-312-5511,Anchovies (Topicshots),Anchovies,Topicshots,Seafood,10.00,44,12/15/2026
1966,73-401-5721,Haddock (Zava),Haddock,Zava,Seafood,9.00,46,12/26/2026
1967,71-631-5875,Salmon (Shuffletag),Salmon,Shuffletag,Seafood,15.00,88,10/25/2026
1968,81-354-4203,Haddock (Plajo),Haddock,Plajo,Seafood,9.00,76,4/28/2026
1969,26-535-4727,Tilapia (Feedmix),Tilapia,Feedmix,Seafood,7.00,93,4/29/2026
1970,83-966-3280,Mackerel (Meevee),Mackerel,Meevee,Seafood,7.50,30,9/20/2026
1971,27-387-0428,Halibut (Trilith),Halibut,Trilith,Seafood,20.00,88,4/9/2026
1972,71-954-4501,Anchovies (Dynava),Anchovies,Dynava,Seafood,10.00,66,7/26/2026
1973,33-670-6797,Mackerel (Kazu),Mackerel,Kazu,Seafood,7.50,45,7/5/2026
1974,22-266-9291,Sardines (Geba),Sardines,Geba,Seafood,6.00,11,4/8/2026
1975,09-622-7119,Haddock (Quinu),Haddock,Quinu,Seafood,9.00,30,6/15/2026
1976,94-355-3070,Tilapia (Kamba),Tilapia,Kamba,Seafood,6.80,14,7/23/2026
1977,66-627-9752,Trout (Babblestorm),Trout,Babblestorm,Seafood,12.00,49,9/3/2026
1978,08-725-8156,Tilapia (Devpulse),Tilapia,Devpulse,Seafood,7.00,59,3/15/2026
1979,41-240-8856,Haddock (Realblab),Haddock,Realblab,Seafood,9.00,79,1/10/2027
1980,28-824-9017,Trout (Viva),Trout,Viva,Seafood,11.50,19,6/14/2026
1981,51-934-9117,Sardines (Skimia),Sardines,Skimia,Seafood,6.00,30,1/31/2027
1982,56-810-0550,Mackerel (Twitterwire),Mackerel,Twitterwire,Seafood,7.50,71,9/4/2026
1983,45-852-2446,Salmon (Zoovu),Salmon,Zoovu,Seafood,15.00,73,11/29/2026
1984,56-831-6199,Salmon (Avaveo),Salmon,Avaveo,Seafood,15.00,49,8/14/2026
1985,52-797-6961,Tilapia (Izio),Tilapia,Izio,Seafood,7.00,46,6/17/2026
1986,54-830-6971,Tilapia (Yakidoo),Tilapia,Yakidoo,Seafood,7.00,100,5/18/2026
1987,80-072-8774,Tuna (Flipopia),Tuna,Flipopia,Seafood,18.00,89,10/15/2026
1988,94-528-8088,Haddock (Topdrive),Haddock,Topdrive,Seafood,9.00,43,3/8/2026
1989,03-061-1344,Trout (Gigazoom),Trout,Gigazoom,Seafood,12.00,98,6/27/2026
1990,10-378-9729,Cabbage (Lazz),Cabbage,Lazz,Fruits & Vegetables,66.55,69,9/21/2026